finding_id,data_type,severity,count,occurrences,confidence,store_kind,store,location,region,first_seen,last_seen,at_rest_encryption,source,console_link
e442005e5c9b951755ef535a990a38e6,card,high,39,39,high,s3,example-benchmark-corpus,corpus/lake/customers/part-00000.snappy.parquet > column card_number,us-west-2,2026-09-29T06:00:00+00:00,2026-09-29T06:00:00+00:00,none,scanner,https://us-west-2.console.aws.amazon.com/s3/object/example-benchmark-corpus?region=us-west-2&bucketType=general&prefix=corpus%2Flake%2Fcustomers%2Fpart-00000.snappy.parquet&versionId=a22b3e5a-526a-4787-ab2a-daf5c59be622
41a17ccd5cc26333d03b27fd33744d6e,card,high,32,32,high,s3,example-benchmark-corpus,corpus/lake/customers/part-00004.snappy.parquet > column card_number,us-west-2,2026-09-29T06:00:00+00:00,2026-09-29T06:00:00+00:00,none,scanner,https://us-west-2.console.aws.amazon.com/s3/object/example-benchmark-corpus?region=us-west-2&bucketType=general&prefix=corpus%2Flake%2Fcustomers%2Fpart-00004.snappy.parquet&versionId=3877daf0-4f1c-4463-ade2-d66c91150313
213ce3864195200802af69db4f00a1ff,card,high,30,30,high,s3,example-benchmark-corpus,corpus/lake/customers/part-00003.snappy.parquet > column card_number,us-west-2,2026-09-29T06:00:00+00:00,2026-09-29T06:00:00+00:00,none,scanner,https://us-west-2.console.aws.amazon.com/s3/object/example-benchmark-corpus?region=us-west-2&bucketType=general&prefix=corpus%2Flake%2Fcustomers%2Fpart-00003.snappy.parquet&versionId=4b84491b-deb7-4b66-b329-e76d898ab9c8
36e52ec11275ebb9ecd1edc390c013b3,card,high,30,30,high,s3,example-benchmark-corpus,corpus/lake/customers/part-00001.snappy.parquet > column card_number,us-west-2,2026-09-29T06:00:00+00:00,2026-09-29T06:00:00+00:00,none,scanner,https://us-west-2.console.aws.amazon.com/s3/object/example-benchmark-corpus?region=us-west-2&bucketType=general&prefix=corpus%2Flake%2Fcustomers%2Fpart-00001.snappy.parquet&versionId=88169da0-2d0c-48c1-b996-5496644a64ce
8f66575c3712a9819663aca5a7f4d007,card,high,30,30,high,s3,example-benchmark-corpus,corpus/lake/customers/part-00002.snappy.parquet > column card_number,us-west-2,2026-09-29T06:00:00+00:00,2026-09-29T06:00:00+00:00,none,scanner,https://us-west-2.console.aws.amazon.com/s3/object/example-benchmark-corpus?region=us-west-2&bucketType=general&prefix=corpus%2Flake%2Fcustomers%2Fpart-00002.snappy.parquet&versionId=1b1f9b72-1a27-489b-83ba-f49306bf6ddc
7e029f81d334f928cc9d45c1095b07d6,us_ssn,high,28,28,high,s3,example-benchmark-corpus,corpus/lake/customers/part-00004.snappy.parquet > column ssn,us-west-2,2026-09-29T06:00:00+00:00,2026-09-29T06:00:00+00:00,none,scanner,https://us-west-2.console.aws.amazon.com/s3/object/example-benchmark-corpus?region=us-west-2&bucketType=general&prefix=corpus%2Flake%2Fcustomers%2Fpart-00004.snappy.parquet&versionId=3877daf0-4f1c-4463-ade2-d66c91150313
8eac0c16ce0eb1e641f1654b0548f31b,card,high,28,28,high,s3,example-benchmark-corpus,corpus/lake/customers/part-00005.snappy.parquet > column card_number,us-west-2,2026-09-29T06:00:00+00:00,2026-09-29T06:00:00+00:00,none,scanner,https://us-west-2.console.aws.amazon.com/s3/object/example-benchmark-corpus?region=us-west-2&bucketType=general&prefix=corpus%2Flake%2Fcustomers%2Fpart-00005.snappy.parquet&versionId=988b1b10-df6c-4ac7-a7c8-6bb27a74cdcb
984bdfca6ae173599f15099247202544,card,high,26,26,medium,s3,example-benchmark-corpus,corpus/lake/customers/part-00004.snappy.parquet > column member_number,us-west-2,2026-09-29T06:00:00+00:00,2026-09-29T06:00:00+00:00,none,scanner,https://us-west-2.console.aws.amazon.com/s3/object/example-benchmark-corpus?region=us-west-2&bucketType=general&prefix=corpus%2Flake%2Fcustomers%2Fpart-00004.snappy.parquet&versionId=3877daf0-4f1c-4463-ade2-d66c91150313
8c903c9c2b15f5169d33b249b6ba6dfe,us_ssn,high,25,25,high,s3,example-benchmark-corpus,corpus/lake/customers/part-00005.snappy.parquet > column ssn,us-west-2,2026-09-29T06:00:00+00:00,2026-09-29T06:00:00+00:00,none,scanner,https://us-west-2.console.aws.amazon.com/s3/object/example-benchmark-corpus?region=us-west-2&bucketType=general&prefix=corpus%2Flake%2Fcustomers%2Fpart-00005.snappy.parquet&versionId=988b1b10-df6c-4ac7-a7c8-6bb27a74cdcb
bd98fd49af4e480c485d8a8fc9ebbed7,us_ssn,high,25,25,high,s3,example-benchmark-corpus,corpus/exports/hr/employees-001.csv,us-west-2,2026-09-29T06:00:00+00:00,2026-09-29T06:00:00+00:00,none,scanner,https://us-west-2.console.aws.amazon.com/s3/object/example-benchmark-corpus?region=us-west-2&bucketType=general&prefix=corpus%2Fexports%2Fhr%2Femployees-001.csv&versionId=cfabc494-f720-4b45-81f5-99c6940b1d32
c42a7a97321817b5d88c82f3eada9047,us_ssn,high,25,25,high,s3,example-benchmark-corpus,corpus/exports/hr/employees-006.csv,us-west-2,2026-09-29T06:00:00+00:00,2026-09-29T06:00:00+00:00,none,scanner,https://us-west-2.console.aws.amazon.com/s3/object/example-benchmark-corpus?region=us-west-2&bucketType=general&prefix=corpus%2Fexports%2Fhr%2Femployees-006.csv&versionId=c4f3dcb9-82c3-4b41-8609-4e9e44ea6cfb
30c862e68f816ea63784e805db2c0d57,us_ssn,high,24,24,high,s3,example-benchmark-corpus,corpus/lake/customers/part-00001.snappy.parquet > column ssn,us-west-2,2026-09-29T06:00:00+00:00,2026-09-29T06:00:00+00:00,none,scanner,https://us-west-2.console.aws.amazon.com/s3/object/example-benchmark-corpus?region=us-west-2&bucketType=general&prefix=corpus%2Flake%2Fcustomers%2Fpart-00001.snappy.parquet&versionId=88169da0-2d0c-48c1-b996-5496644a64ce
62140a28f6f0e22e19accd98a5a0c8a4,us_ssn,high,24,24,high,s3,example-benchmark-corpus,corpus/lake/customers/part-00003.snappy.parquet > column ssn,us-west-2,2026-09-29T06:00:00+00:00,2026-09-29T06:00:00+00:00,none,scanner,https://us-west-2.console.aws.amazon.com/s3/object/example-benchmark-corpus?region=us-west-2&bucketType=general&prefix=corpus%2Flake%2Fcustomers%2Fpart-00003.snappy.parquet&versionId=4b84491b-deb7-4b66-b329-e76d898ab9c8
ea8fae4faf9b4292c95f6b5957cf7ceb,us_ssn,high,24,24,high,s3,example-benchmark-corpus,corpus/lake/customers/part-00002.snappy.parquet > column ssn,us-west-2,2026-09-29T06:00:00+00:00,2026-09-29T06:00:00+00:00,none,scanner,https://us-west-2.console.aws.amazon.com/s3/object/example-benchmark-corpus?region=us-west-2&bucketType=general&prefix=corpus%2Flake%2Fcustomers%2Fpart-00002.snappy.parquet&versionId=1b1f9b72-1a27-489b-83ba-f49306bf6ddc
d5033fe46db5a1f5b0545a9d5b7a4d62,card,high,23,23,high,s3,example-benchmark-corpus,corpus/exports/crm/customers-000.csv,us-west-2,2026-09-29T06:00:00+00:00,2026-09-29T06:00:00+00:00,none,scanner,https://us-west-2.console.aws.amazon.com/s3/object/example-benchmark-corpus?region=us-west-2&bucketType=general&prefix=corpus%2Fexports%2Fcrm%2Fcustomers-000.csv&versionId=0bb33ac9-92ec-45ad-a44c-ee8c0f7f0e31
0b76f641381235f08e582a0aaf6c2ebe,card,high,22,22,high,s3,example-benchmark-corpus,corpus/exports/crm/customers-004.csv,us-west-2,2026-09-29T06:00:00+00:00,2026-09-29T06:00:00+00:00,none,scanner,https://us-west-2.console.aws.amazon.com/s3/object/example-benchmark-corpus?region=us-west-2&bucketType=general&prefix=corpus%2Fexports%2Fcrm%2Fcustomers-004.csv&versionId=a68bb855-478c-4a5d-bdb9-059c5a1a62f3
2de022c87b3035579e1972eb5864bdee,us_ssn,high,22,22,high,s3,example-benchmark-corpus,corpus/exports/hr/employees-005.csv,us-west-2,2026-09-29T06:00:00+00:00,2026-09-29T06:00:00+00:00,none,scanner,https://us-west-2.console.aws.amazon.com/s3/object/example-benchmark-corpus?region=us-west-2&bucketType=general&prefix=corpus%2Fexports%2Fhr%2Femployees-005.csv&versionId=291f4ae6-c212-4f80-bbc6-61b550f531d2
6cfd381ceb3e6b360c0e246fed7cbc33,us_ssn,high,22,22,high,s3,example-benchmark-corpus,corpus/exports/hr/employees-004.csv,us-west-2,2026-09-29T06:00:00+00:00,2026-09-29T06:00:00+00:00,none,scanner,https://us-west-2.console.aws.amazon.com/s3/object/example-benchmark-corpus?region=us-west-2&bucketType=general&prefix=corpus%2Fexports%2Fhr%2Femployees-004.csv&versionId=cb6c76a6-1df5-411f-89c8-2600cceb3117
7305e52da913575ef448c62691300733,us_ssn,high,22,22,high,s3,example-benchmark-corpus,corpus/exports/hr/employees-002.csv,us-west-2,2026-09-29T06:00:00+00:00,2026-09-29T06:00:00+00:00,none,scanner,https://us-west-2.console.aws.amazon.com/s3/object/example-benchmark-corpus?region=us-west-2&bucketType=general&prefix=corpus%2Fexports%2Fhr%2Femployees-002.csv&versionId=96d096dd-bd2c-42f7-b67a-2edaefade8e6
8c244bd40e9621545930f00f82608f7b,us_ssn,high,22,22,high,s3,example-benchmark-corpus,corpus/lake/customers/part-00000.snappy.parquet > column ssn,us-west-2,2026-09-29T06:00:00+00:00,2026-09-29T06:00:00+00:00,none,scanner,https://us-west-2.console.aws.amazon.com/s3/object/example-benchmark-corpus?region=us-west-2&bucketType=general&prefix=corpus%2Flake%2Fcustomers%2Fpart-00000.snappy.parquet&versionId=a22b3e5a-526a-4787-ab2a-daf5c59be622
a167e971aedc9b253aa016693b4f7ae7,card,high,22,22,medium,s3,example-benchmark-corpus,corpus/lake/customers/part-00003.snappy.parquet > column member_number,us-west-2,2026-09-29T06:00:00+00:00,2026-09-29T06:00:00+00:00,none,scanner,https://us-west-2.console.aws.amazon.com/s3/object/example-benchmark-corpus?region=us-west-2&bucketType=general&prefix=corpus%2Flake%2Fcustomers%2Fpart-00003.snappy.parquet&versionId=4b84491b-deb7-4b66-b329-e76d898ab9c8
5a93208a74a4ad639f43a79ba23e227a,card,high,21,21,medium,s3,example-benchmark-corpus,corpus/lake/customers/part-00005.snappy.parquet > column member_number,us-west-2,2026-09-29T06:00:00+00:00,2026-09-29T06:00:00+00:00,none,scanner,https://us-west-2.console.aws.amazon.com/s3/object/example-benchmark-corpus?region=us-west-2&bucketType=general&prefix=corpus%2Flake%2Fcustomers%2Fpart-00005.snappy.parquet&versionId=988b1b10-df6c-4ac7-a7c8-6bb27a74cdcb
7f7b40f2ad5654317e98496f4427e0a0,card,high,21,21,high,s3,example-benchmark-corpus,corpus/exports/crm/customers-002.csv,us-west-2,2026-09-29T06:00:00+00:00,2026-09-29T06:00:00+00:00,none,scanner,https://us-west-2.console.aws.amazon.com/s3/object/example-benchmark-corpus?region=us-west-2&bucketType=general&prefix=corpus%2Fexports%2Fcrm%2Fcustomers-002.csv&versionId=52959fd6-395e-43d1-a588-7ae6fc889f36
ae3bc80d2af08b46553ea8583a9d19b1,card,high,21,21,high,s3,example-benchmark-corpus,corpus/exports/crm/customers-003.csv,us-west-2,2026-09-29T06:00:00+00:00,2026-09-29T06:00:00+00:00,none,scanner,https://us-west-2.console.aws.amazon.com/s3/object/example-benchmark-corpus?region=us-west-2&bucketType=general&prefix=corpus%2Fexports%2Fcrm%2Fcustomers-003.csv&versionId=766ec001-08e1-4efb-adf3-5344c686f6d6
be4b72de1562d33e7335b1de66826861,us_ssn,high,21,21,high,s3,example-benchmark-corpus,corpus/exports/hr/employees-007.csv,us-west-2,2026-09-29T06:00:00+00:00,2026-09-29T06:00:00+00:00,none,scanner,https://us-west-2.console.aws.amazon.com/s3/object/example-benchmark-corpus?region=us-west-2&bucketType=general&prefix=corpus%2Fexports%2Fhr%2Femployees-007.csv&versionId=520f65fb-d95a-425c-9f23-e1d8aeabb4be
c122aad7fe6e8cd23974743d58c8cd20,us_ssn,high,21,21,high,s3,example-benchmark-corpus,corpus/exports/hr/employees-003.csv,us-west-2,2026-09-29T06:00:00+00:00,2026-09-29T06:00:00+00:00,none,scanner,https://us-west-2.console.aws.amazon.com/s3/object/example-benchmark-corpus?region=us-west-2&bucketType=general&prefix=corpus%2Fexports%2Fhr%2Femployees-003.csv&versionId=31b49e77-eb70-47fa-8b06-cc6764919c85
4b26ea07f6a3a2ac3f7839280576fa6e,us_ssn,high,20,20,high,s3,example-benchmark-corpus,corpus/exports/hr/employees-000.csv,us-west-2,2026-09-29T06:00:00+00:00,2026-09-29T06:00:00+00:00,none,scanner,https://us-west-2.console.aws.amazon.com/s3/object/example-benchmark-corpus?region=us-west-2&bucketType=general&prefix=corpus%2Fexports%2Fhr%2Femployees-000.csv&versionId=229b8682-7143-437b-9b7e-e5468ff689d2
ceeecc34dfeaafd581595e1d58f68cf0,card,high,20,20,high,s3,example-benchmark-corpus,corpus/exports/crm/customers-005.csv,us-west-2,2026-09-29T06:00:00+00:00,2026-09-29T06:00:00+00:00,none,scanner,https://us-west-2.console.aws.amazon.com/s3/object/example-benchmark-corpus?region=us-west-2&bucketType=general&prefix=corpus%2Fexports%2Fcrm%2Fcustomers-005.csv&versionId=c2213215-f317-4ef9-a25b-e4f2405ce507
f62f6e6a5c6c77469992d8d19fcf9aba,card,high,20,20,high,s3,example-benchmark-corpus,corpus/exports/crm/customers-007.csv,us-west-2,2026-09-29T06:00:00+00:00,2026-09-29T06:00:00+00:00,none,scanner,https://us-west-2.console.aws.amazon.com/s3/object/example-benchmark-corpus?region=us-west-2&bucketType=general&prefix=corpus%2Fexports%2Fcrm%2Fcustomers-007.csv&versionId=650fc876-a92b-4372-8023-f6c539918002
820d6f13ed0ed02bd295d8e883f09aa8,card,high,19,19,high,s3,example-benchmark-corpus,corpus/exports/crm/customers-001.csv,us-west-2,2026-09-29T06:00:00+00:00,2026-09-29T06:00:00+00:00,none,scanner,https://us-west-2.console.aws.amazon.com/s3/object/example-benchmark-corpus?region=us-west-2&bucketType=general&prefix=corpus%2Fexports%2Fcrm%2Fcustomers-001.csv&versionId=1b369a3f-e786-48c7-9bea-c249955f50a2
ce757bae5d622e0d83184410b5719efc,card,high,19,19,high,s3,example-benchmark-corpus,corpus/exports/crm/customers-006.csv,us-west-2,2026-09-29T06:00:00+00:00,2026-09-29T06:00:00+00:00,none,scanner,https://us-west-2.console.aws.amazon.com/s3/object/example-benchmark-corpus?region=us-west-2&bucketType=general&prefix=corpus%2Fexports%2Fcrm%2Fcustomers-006.csv&versionId=97d9b4c3-7ee3-4ab7-b6f3-bf2e47764c85
ed42242b9bd15dc604f0007994a339fd,card,high,19,19,medium,s3,example-benchmark-corpus,corpus/lake/customers/part-00000.snappy.parquet > column member_number,us-west-2,2026-09-29T06:00:00+00:00,2026-09-29T06:00:00+00:00,none,scanner,https://us-west-2.console.aws.amazon.com/s3/object/example-benchmark-corpus?region=us-west-2&bucketType=general&prefix=corpus%2Flake%2Fcustomers%2Fpart-00000.snappy.parquet&versionId=a22b3e5a-526a-4787-ab2a-daf5c59be622
13e14ad559dfd15babf3605ce317745f,card,high,18,18,medium,s3,example-benchmark-corpus,corpus/lake/customers/part-00002.snappy.parquet > column member_number,us-west-2,2026-09-29T06:00:00+00:00,2026-09-29T06:00:00+00:00,none,scanner,https://us-west-2.console.aws.amazon.com/s3/object/example-benchmark-corpus?region=us-west-2&bucketType=general&prefix=corpus%2Flake%2Fcustomers%2Fpart-00002.snappy.parquet&versionId=1b1f9b72-1a27-489b-83ba-f49306bf6ddc
23bd8ec9da27da1225856fbd692d168e,card,high,18,18,medium,s3,example-benchmark-corpus,corpus/logs/access/access-008.log,us-west-2,2026-09-29T06:00:00+00:00,2026-09-29T06:00:00+00:00,none,scanner,https://us-west-2.console.aws.amazon.com/s3/object/example-benchmark-corpus?region=us-west-2&bucketType=general&prefix=corpus%2Flogs%2Faccess%2Faccess-008.log&versionId=46f43d5b-acf1-4e22-860b-40814eabc0ec
33b2996c2c9344a23eec3dfb2672dccc,card,high,18,18,medium,s3,example-benchmark-corpus,corpus/lake/customers/part-00001.snappy.parquet > column member_number,us-west-2,2026-09-29T06:00:00+00:00,2026-09-29T06:00:00+00:00,none,scanner,https://us-west-2.console.aws.amazon.com/s3/object/example-benchmark-corpus?region=us-west-2&bucketType=general&prefix=corpus%2Flake%2Fcustomers%2Fpart-00001.snappy.parquet&versionId=88169da0-2d0c-48c1-b996-5496644a64ce
9afa31e4ca691a07caa921e9debacd34,card,high,16,16,medium,s3,example-benchmark-corpus,corpus/logs/access/access-002.log,us-west-2,2026-09-29T06:00:00+00:00,2026-09-29T06:00:00+00:00,none,scanner,https://us-west-2.console.aws.amazon.com/s3/object/example-benchmark-corpus?region=us-west-2&bucketType=general&prefix=corpus%2Flogs%2Faccess%2Faccess-002.log&versionId=0655139a-98a0-47ca-b22f-1d7a4a89ce07
0df9bc09a98fcdba39107ea31d6460e9,card,high,15,15,high,s3,example-benchmark-corpus,corpus/docs/finance/cards-004.xlsx,us-west-2,2026-09-29T06:00:00+00:00,2026-09-29T06:00:00+00:00,none,scanner,https://us-west-2.console.aws.amazon.com/s3/object/example-benchmark-corpus?region=us-west-2&bucketType=general&prefix=corpus%2Fdocs%2Ffinance%2Fcards-004.xlsx&versionId=580d0a0b-eabf-4ea6-89fb-a11c1a7f3106
43ed84bad751debc106608b084f1e387,card,high,15,15,high,s3,example-benchmark-corpus,corpus/docs/finance/cards-001.xlsx,us-west-2,2026-09-29T06:00:00+00:00,2026-09-29T06:00:00+00:00,none,scanner,https://us-west-2.console.aws.amazon.com/s3/object/example-benchmark-corpus?region=us-west-2&bucketType=general&prefix=corpus%2Fdocs%2Ffinance%2Fcards-001.xlsx&versionId=7ac2c3fa-4f9f-46c7-99ad-2f32f6738adc
56fb06e7cefc1efff5e04302f86f1b65,card,high,15,15,high,s3,example-benchmark-corpus,corpus/docs/finance/cards-000.xlsx,us-west-2,2026-09-29T06:00:00+00:00,2026-09-29T06:00:00+00:00,none,scanner,https://us-west-2.console.aws.amazon.com/s3/object/example-benchmark-corpus?region=us-west-2&bucketType=general&prefix=corpus%2Fdocs%2Ffinance%2Fcards-000.xlsx&versionId=72ced4d9-8fe3-44cc-8d5e-4916d88c0b41
f0d7ab6033eb1781034424df842936da,card,high,15,15,high,s3,example-benchmark-corpus,corpus/docs/finance/cards-003.xlsx,us-west-2,2026-09-29T06:00:00+00:00,2026-09-29T06:00:00+00:00,none,scanner,https://us-west-2.console.aws.amazon.com/s3/object/example-benchmark-corpus?region=us-west-2&bucketType=general&prefix=corpus%2Fdocs%2Ffinance%2Fcards-003.xlsx&versionId=ea5d1d67-8772-4a73-a3d9-3199b21cc5ac
f3d3077e9b87e768f048e1fea35da048,card,high,15,15,high,s3,example-benchmark-corpus,corpus/docs/finance/cards-005.xlsx,us-west-2,2026-09-29T06:00:00+00:00,2026-09-29T06:00:00+00:00,none,scanner,https://us-west-2.console.aws.amazon.com/s3/object/example-benchmark-corpus?region=us-west-2&bucketType=general&prefix=corpus%2Fdocs%2Ffinance%2Fcards-005.xlsx&versionId=a4799a10-cf0a-42f5-a55e-e83cc7bfde9a
fc97a7f0953da509d8808861ed29e11e,card,high,15,15,high,s3,example-benchmark-corpus,corpus/docs/finance/cards-002.xlsx,us-west-2,2026-09-29T06:00:00+00:00,2026-09-29T06:00:00+00:00,none,scanner,https://us-west-2.console.aws.amazon.com/s3/object/example-benchmark-corpus?region=us-west-2&bucketType=general&prefix=corpus%2Fdocs%2Ffinance%2Fcards-002.xlsx&versionId=76f39ca0-f6a0-4d56-8b51-dccc7846a7ad
b089dd58138594f570eda3710e1c0b84,card,high,14,14,medium,s3,example-benchmark-corpus,corpus/logs/access/access-004.log,us-west-2,2026-09-29T06:00:00+00:00,2026-09-29T06:00:00+00:00,none,scanner,https://us-west-2.console.aws.amazon.com/s3/object/example-benchmark-corpus?region=us-west-2&bucketType=general&prefix=corpus%2Flogs%2Faccess%2Faccess-004.log&versionId=00fff34f-9c2f-425a-a0d3-5302b2564e07
96aecc8a9dd1eb3b9cb50a10885de682,card,high,13,13,medium,s3,example-benchmark-corpus,corpus/logs/access/access-007.log,us-west-2,2026-09-29T06:00:00+00:00,2026-09-29T06:00:00+00:00,none,scanner,https://us-west-2.console.aws.amazon.com/s3/object/example-benchmark-corpus?region=us-west-2&bucketType=general&prefix=corpus%2Flogs%2Faccess%2Faccess-007.log&versionId=e8edb4a7-7f4b-4aa9-bdcb-83af229c0f06
a7082b4535c9810d8dc438ff519284b9,card,high,13,13,medium,s3,example-benchmark-corpus,corpus/logs/access/access-003.log,us-west-2,2026-09-29T06:00:00+00:00,2026-09-29T06:00:00+00:00,none,scanner,https://us-west-2.console.aws.amazon.com/s3/object/example-benchmark-corpus?region=us-west-2&bucketType=general&prefix=corpus%2Flogs%2Faccess%2Faccess-003.log&versionId=19974d60-4070-484d-b22b-493e6a8bdced
34e2b67306c1376d59baabac08deb5ec,card,high,12,12,medium,s3,example-benchmark-corpus,corpus/logs/access/access-001.log,us-west-2,2026-09-29T06:00:00+00:00,2026-09-29T06:00:00+00:00,none,scanner,https://us-west-2.console.aws.amazon.com/s3/object/example-benchmark-corpus?region=us-west-2&bucketType=general&prefix=corpus%2Flogs%2Faccess%2Faccess-001.log&versionId=c9f92bd6-3fff-4324-a244-a6a3360dcaa8
363ba9f6ebacd837c5d1bf223138b233,us_ssn,high,12,12,medium,s3,example-benchmark-corpus,corpus/logs/lambda/fn-006.jsonl,us-west-2,2026-09-29T06:00:00+00:00,2026-09-29T06:00:00+00:00,none,scanner,https://us-west-2.console.aws.amazon.com/s3/object/example-benchmark-corpus?region=us-west-2&bucketType=general&prefix=corpus%2Flogs%2Flambda%2Ffn-006.jsonl&versionId=1845918c-f8e8-4a42-9920-d0f7064871cd
5b492f99fa12d61b0713a2c5a3f83e9f,us_ssn,high,12,12,high,s3,example-benchmark-corpus,corpus/logs/app/app-006.log,us-west-2,2026-09-29T06:00:00+00:00,2026-09-29T06:00:00+00:00,none,scanner,https://us-west-2.console.aws.amazon.com/s3/object/example-benchmark-corpus?region=us-west-2&bucketType=general&prefix=corpus%2Flogs%2Fapp%2Fapp-006.log&versionId=d7245727-677a-4711-abc6-7a90e964a370
da99952ddebf2ad4407dc22c1249bb03,card,high,12,12,medium,s3,example-benchmark-corpus,corpus/logs/access/access-009.log,us-west-2,2026-09-29T06:00:00+00:00,2026-09-29T06:00:00+00:00,none,scanner,https://us-west-2.console.aws.amazon.com/s3/object/example-benchmark-corpus?region=us-west-2&bucketType=general&prefix=corpus%2Flogs%2Faccess%2Faccess-009.log&versionId=37d2da95-bf0c-4e95-bff9-4e4e5d16492f
e6381a5749f6cb8359589246b0af241a,card,high,12,12,high,s3,example-benchmark-corpus,corpus/logs/lambda/fn-005.jsonl,us-west-2,2026-09-29T06:00:00+00:00,2026-09-29T06:00:00+00:00,none,scanner,https://us-west-2.console.aws.amazon.com/s3/object/example-benchmark-corpus?region=us-west-2&bucketType=general&prefix=corpus%2Flogs%2Flambda%2Ffn-005.jsonl&versionId=83bd72c5-4ee2-42ea-8ce4-938d606fff72
833a2ade49f60c2f3ffa0946060bf7d9,card,high,11,11,medium,s3,example-benchmark-corpus,corpus/logs/access/access-006.log,us-west-2,2026-09-29T06:00:00+00:00,2026-09-29T06:00:00+00:00,none,scanner,https://us-west-2.console.aws.amazon.com/s3/object/example-benchmark-corpus?region=us-west-2&bucketType=general&prefix=corpus%2Flogs%2Faccess%2Faccess-006.log&versionId=a1462ac2-2619-481e-8f5a-1922fc8f8f9a
c196fe3bb0a17ef07889f531b6162320,card,high,11,11,medium,s3,example-benchmark-corpus,corpus/logs/access/access-000.log,us-west-2,2026-09-29T06:00:00+00:00,2026-09-29T06:00:00+00:00,none,scanner,https://us-west-2.console.aws.amazon.com/s3/object/example-benchmark-corpus?region=us-west-2&bucketType=general&prefix=corpus%2Flogs%2Faccess%2Faccess-000.log&versionId=2de2c26a-3d2f-44dd-a027-4b5cc83b9a9e
24f29f8dd36fb8d7737a35fccbad5ae1,card,high,10,10,high,s3,example-benchmark-corpus,corpus/logs/lambda/fn-002.jsonl,us-west-2,2026-09-29T06:00:00+00:00,2026-09-29T06:00:00+00:00,none,scanner,https://us-west-2.console.aws.amazon.com/s3/object/example-benchmark-corpus?region=us-west-2&bucketType=general&prefix=corpus%2Flogs%2Flambda%2Ffn-002.jsonl&versionId=f4667546-1e4a-4fec-afbc-be9ca7c2f37b
2ea92009dd8d6085d30dda3c300d4ac7,us_ssn,high,10,10,medium,s3,example-benchmark-corpus,corpus/logs/lambda/fn-003.jsonl,us-west-2,2026-09-29T06:00:00+00:00,2026-09-29T06:00:00+00:00,none,scanner,https://us-west-2.console.aws.amazon.com/s3/object/example-benchmark-corpus?region=us-west-2&bucketType=general&prefix=corpus%2Flogs%2Flambda%2Ffn-003.jsonl&versionId=e9594b98-41b3-4626-bd0e-8c2bc5c50e93
7bc5a8aa7e794c14917e494e52e83fcc,card,high,10,10,medium,s3,example-benchmark-corpus,corpus/logs/access/access-005.log,us-west-2,2026-09-29T06:00:00+00:00,2026-09-29T06:00:00+00:00,none,scanner,https://us-west-2.console.aws.amazon.com/s3/object/example-benchmark-corpus?region=us-west-2&bucketType=general&prefix=corpus%2Flogs%2Faccess%2Faccess-005.log&versionId=905c3014-7587-456a-ae21-18609ce35054
7f13c1b849bf0aa5762c3250ba2ea7c2,us_ssn,high,10,10,medium,s3,example-benchmark-corpus,corpus/logs/lambda/fn-001.jsonl,us-west-2,2026-09-29T06:00:00+00:00,2026-09-29T06:00:00+00:00,none,scanner,https://us-west-2.console.aws.amazon.com/s3/object/example-benchmark-corpus?region=us-west-2&bucketType=general&prefix=corpus%2Flogs%2Flambda%2Ffn-001.jsonl&versionId=85e620ed-6cd2-42ec-9816-623f8352d6b2
d8df3e6cf995a23cac2f7cb638c4ac68,us_ssn,high,10,10,high,s3,example-benchmark-corpus,corpus/logs/app/app-009.log,us-west-2,2026-09-29T06:00:00+00:00,2026-09-29T06:00:00+00:00,none,scanner,https://us-west-2.console.aws.amazon.com/s3/object/example-benchmark-corpus?region=us-west-2&bucketType=general&prefix=corpus%2Flogs%2Fapp%2Fapp-009.log&versionId=83be4e7a-bea9-40c3-9539-9c3fc213ba33
0fe7e6953326ba2f062c8a697a901307,us_ssn,high,9,9,high,s3,example-benchmark-corpus,corpus/logs/app/app-005.log,us-west-2,2026-09-29T06:00:00+00:00,2026-09-29T06:00:00+00:00,none,scanner,https://us-west-2.console.aws.amazon.com/s3/object/example-benchmark-corpus?region=us-west-2&bucketType=general&prefix=corpus%2Flogs%2Fapp%2Fapp-005.log&versionId=ff471200-8273-40bf-9f01-8b532f90388e
870c9d164fa7ef1a686f753c2c33f538,card,high,9,9,high,s3,example-benchmark-corpus,corpus/logs/lambda/fn-001.jsonl,us-west-2,2026-09-29T06:00:00+00:00,2026-09-29T06:00:00+00:00,none,scanner,https://us-west-2.console.aws.amazon.com/s3/object/example-benchmark-corpus?region=us-west-2&bucketType=general&prefix=corpus%2Flogs%2Flambda%2Ffn-001.jsonl&versionId=85e620ed-6cd2-42ec-9816-623f8352d6b2
a3e4057871689a96edf327b265dac642,us_ssn,high,9,9,high,s3,example-benchmark-corpus,corpus/logs/archive/app-002.tar.gz > app.log,us-west-2,2026-09-29T06:00:00+00:00,2026-09-29T06:00:00+00:00,none,scanner,https://us-west-2.console.aws.amazon.com/s3/object/example-benchmark-corpus?region=us-west-2&bucketType=general&prefix=corpus%2Flogs%2Farchive%2Fapp-002.tar.gz&versionId=61245fc1-a47f-461d-82be-fe2f4891cf9f
ab9135e90635d87d2395a071d37e46e3,card,high,9,9,high,s3,example-benchmark-corpus,corpus/logs/lambda/fn-009.jsonl,us-west-2,2026-09-29T06:00:00+00:00,2026-09-29T06:00:00+00:00,none,scanner,https://us-west-2.console.aws.amazon.com/s3/object/example-benchmark-corpus?region=us-west-2&bucketType=general&prefix=corpus%2Flogs%2Flambda%2Ffn-009.jsonl&versionId=17b64abd-2154-4fae-96bb-1623d83f2520
de0f588ee2e72e90c7e69af0b19990d2,us_ssn,high,9,9,high,s3,example-benchmark-corpus,corpus/logs/app/app-002.log,us-west-2,2026-09-29T06:00:00+00:00,2026-09-29T06:00:00+00:00,none,scanner,https://us-west-2.console.aws.amazon.com/s3/object/example-benchmark-corpus?region=us-west-2&bucketType=general&prefix=corpus%2Flogs%2Fapp%2Fapp-002.log&versionId=f3d2b7c7-5615-4032-ae40-285a077d6af1
e493379ef4b352d47faff361b88fac5a,us_ssn,high,9,9,medium,s3,example-benchmark-corpus,corpus/logs/lambda/fn-002.jsonl,us-west-2,2026-09-29T06:00:00+00:00,2026-09-29T06:00:00+00:00,none,scanner,https://us-west-2.console.aws.amazon.com/s3/object/example-benchmark-corpus?region=us-west-2&bucketType=general&prefix=corpus%2Flogs%2Flambda%2Ffn-002.jsonl&versionId=f4667546-1e4a-4fec-afbc-be9ca7c2f37b
ed8602ad3a3dc4a78e77cbdc935b63fd,us_ssn,high,9,9,medium,s3,example-benchmark-corpus,corpus/logs/lambda/fn-008.jsonl,us-west-2,2026-09-29T06:00:00+00:00,2026-09-29T06:00:00+00:00,none,scanner,https://us-west-2.console.aws.amazon.com/s3/object/example-benchmark-corpus?region=us-west-2&bucketType=general&prefix=corpus%2Flogs%2Flambda%2Ffn-008.jsonl&versionId=1b49638f-5d02-43d2-a843-aaad02ecf276
001391dc6258c357748876e58bc177bc,card,high,8,8,high,s3,example-benchmark-corpus,corpus/logs/app/app-009.log,us-west-2,2026-09-29T06:00:00+00:00,2026-09-29T06:00:00+00:00,none,scanner,https://us-west-2.console.aws.amazon.com/s3/object/example-benchmark-corpus?region=us-west-2&bucketType=general&prefix=corpus%2Flogs%2Fapp%2Fapp-009.log&versionId=83be4e7a-bea9-40c3-9539-9c3fc213ba33
17e770e6a3cb46c5c15c50f0bf181def,us_ssn,high,8,8,high,s3,example-benchmark-corpus,corpus/logs/app/app-008.log,us-west-2,2026-09-29T06:00:00+00:00,2026-09-29T06:00:00+00:00,none,scanner,https://us-west-2.console.aws.amazon.com/s3/object/example-benchmark-corpus?region=us-west-2&bucketType=general&prefix=corpus%2Flogs%2Fapp%2Fapp-008.log&versionId=33498e4b-6e49-4cb7-b901-95ab7c5393c4
25cb9ac9e2f6960df814fadf5cb7b68f,card,high,8,8,high,s3,example-benchmark-corpus,corpus/logs/app/app-007.log,us-west-2,2026-09-29T06:00:00+00:00,2026-09-29T06:00:00+00:00,none,scanner,https://us-west-2.console.aws.amazon.com/s3/object/example-benchmark-corpus?region=us-west-2&bucketType=general&prefix=corpus%2Flogs%2Fapp%2Fapp-007.log&versionId=bd323ad5-a539-4811-a378-758c1cfa22aa
53b6e8b7cdf9907f1e7937cde75138d1,card,high,8,8,high,s3,example-benchmark-corpus,corpus/logs/app/app-003.log,us-west-2,2026-09-29T06:00:00+00:00,2026-09-29T06:00:00+00:00,none,scanner,https://us-west-2.console.aws.amazon.com/s3/object/example-benchmark-corpus?region=us-west-2&bucketType=general&prefix=corpus%2Flogs%2Fapp%2Fapp-003.log&versionId=98ef79a6-526e-45f7-a264-1c835654cd3e
651a2587724f82265fb68382212fa517,card,high,8,8,high,s3,example-benchmark-corpus,corpus/logs/lambda/fn-003.jsonl,us-west-2,2026-09-29T06:00:00+00:00,2026-09-29T06:00:00+00:00,none,scanner,https://us-west-2.console.aws.amazon.com/s3/object/example-benchmark-corpus?region=us-west-2&bucketType=general&prefix=corpus%2Flogs%2Flambda%2Ffn-003.jsonl&versionId=e9594b98-41b3-4626-bd0e-8c2bc5c50e93
863c0268944fa000fefd68be35fef6cf,card,high,8,8,high,s3,example-benchmark-corpus,corpus/logs/lambda/fn-008.jsonl,us-west-2,2026-09-29T06:00:00+00:00,2026-09-29T06:00:00+00:00,none,scanner,https://us-west-2.console.aws.amazon.com/s3/object/example-benchmark-corpus?region=us-west-2&bucketType=general&prefix=corpus%2Flogs%2Flambda%2Ffn-008.jsonl&versionId=1b49638f-5d02-43d2-a843-aaad02ecf276
a269674129385005b3ad8744c85ee18f,card,high,8,8,medium,s3,example-benchmark-corpus,corpus/logs/archive/app-001.tar.gz > access.log,us-west-2,2026-09-29T06:00:00+00:00,2026-09-29T06:00:00+00:00,none,scanner,https://us-west-2.console.aws.amazon.com/s3/object/example-benchmark-corpus?region=us-west-2&bucketType=general&prefix=corpus%2Flogs%2Farchive%2Fapp-001.tar.gz&versionId=115056cb-06d9-4c2a-859b-82d4985a461d
b51dbaead86ff9e7ad05c7a95b47a7e7,us_ssn,high,8,8,medium,s3,example-benchmark-corpus,corpus/logs/lambda/fn-000.jsonl,us-west-2,2026-09-29T06:00:00+00:00,2026-09-29T06:00:00+00:00,none,scanner,https://us-west-2.console.aws.amazon.com/s3/object/example-benchmark-corpus?region=us-west-2&bucketType=general&prefix=corpus%2Flogs%2Flambda%2Ffn-000.jsonl&versionId=8c306184-d109-4e5c-9f56-4c441560bb53
b6ea1947578b1b1cbba9e6b24ded79d6,card,high,8,8,high,s3,example-benchmark-corpus,corpus/logs/rotated/lambda-001.jsonl.bz2,us-west-2,2026-09-29T06:00:00+00:00,2026-09-29T06:00:00+00:00,none,scanner,https://us-west-2.console.aws.amazon.com/s3/object/example-benchmark-corpus?region=us-west-2&bucketType=general&prefix=corpus%2Flogs%2Frotated%2Flambda-001.jsonl.bz2&versionId=6fefb725-f0d1-417f-bf82-69e0bc2a68a7
e6a6d2658e6bea20b0d263c2f5ae6a6b,card,high,8,8,high,s3,example-benchmark-corpus,corpus/logs/rotated/app-002.log.gz,us-west-2,2026-09-29T06:00:00+00:00,2026-09-29T06:00:00+00:00,none,scanner,https://us-west-2.console.aws.amazon.com/s3/object/example-benchmark-corpus?region=us-west-2&bucketType=general&prefix=corpus%2Flogs%2Frotated%2Fapp-002.log.gz&versionId=4feaf8b5-a49c-44cd-8b31-1e80871f91f3
415c66bf9b6512095f1d7034afab6937,card,high,7,7,high,s3,example-benchmark-corpus,corpus/logs/rotated/lambda-000.jsonl.bz2,us-west-2,2026-09-29T06:00:00+00:00,2026-09-29T06:00:00+00:00,none,scanner,https://us-west-2.console.aws.amazon.com/s3/object/example-benchmark-corpus?region=us-west-2&bucketType=general&prefix=corpus%2Flogs%2Frotated%2Flambda-000.jsonl.bz2&versionId=e2c1768e-84c2-4d65-925c-a4a604ed8c76
5ab2618b5cca6a05b3a7ac6ba5458864,card,high,7,7,high,s3,example-benchmark-corpus,corpus/logs/lambda/fn-004.jsonl,us-west-2,2026-09-29T06:00:00+00:00,2026-09-29T06:00:00+00:00,none,scanner,https://us-west-2.console.aws.amazon.com/s3/object/example-benchmark-corpus?region=us-west-2&bucketType=general&prefix=corpus%2Flogs%2Flambda%2Ffn-004.jsonl&versionId=bc3711f9-c9d0-4198-8db2-48e19235cf33
7ec46ea17041a2103212f86498a385ba,card,high,7,7,high,s3,example-benchmark-corpus,corpus/logs/rotated/lambda-002.jsonl.bz2,us-west-2,2026-09-29T06:00:00+00:00,2026-09-29T06:00:00+00:00,none,scanner,https://us-west-2.console.aws.amazon.com/s3/object/example-benchmark-corpus?region=us-west-2&bucketType=general&prefix=corpus%2Flogs%2Frotated%2Flambda-002.jsonl.bz2&versionId=73fdc040-968c-49fa-bf01-1d8d233ffc0d
c9f03c311ca0406e231d017ff6493d92,us_ssn,high,7,7,medium,s3,example-benchmark-corpus,corpus/logs/lambda/fn-007.jsonl,us-west-2,2026-09-29T06:00:00+00:00,2026-09-29T06:00:00+00:00,none,scanner,https://us-west-2.console.aws.amazon.com/s3/object/example-benchmark-corpus?region=us-west-2&bucketType=general&prefix=corpus%2Flogs%2Flambda%2Ffn-007.jsonl&versionId=6dca536d-a689-48e6-8a5f-44779f6cb072
f0c8e8f3d17a66bba714fb9835eca6b4,us_ssn,high,7,7,high,s3,example-benchmark-corpus,corpus/logs/app/app-001.log,us-west-2,2026-09-29T06:00:00+00:00,2026-09-29T06:00:00+00:00,none,scanner,https://us-west-2.console.aws.amazon.com/s3/object/example-benchmark-corpus?region=us-west-2&bucketType=general&prefix=corpus%2Flogs%2Fapp%2Fapp-001.log&versionId=133fa8b2-9a36-4dfe-9a46-6a0bdc7fa61c
f51dcf42a444d1721d29bbcdf0197438,us_ssn,high,7,7,medium,s3,example-benchmark-corpus,corpus/logs/rotated/lambda-002.jsonl.bz2,us-west-2,2026-09-29T06:00:00+00:00,2026-09-29T06:00:00+00:00,none,scanner,https://us-west-2.console.aws.amazon.com/s3/object/example-benchmark-corpus?region=us-west-2&bucketType=general&prefix=corpus%2Flogs%2Frotated%2Flambda-002.jsonl.bz2&versionId=73fdc040-968c-49fa-bf01-1d8d233ffc0d
f82e146f44d5b8b69eb62edc54fbfdc9,us_itin,high,7,7,high,s3,example-benchmark-corpus,corpus/exports/hr/employees-007.csv,us-west-2,2026-09-29T06:00:00+00:00,2026-09-29T06:00:00+00:00,none,scanner,https://us-west-2.console.aws.amazon.com/s3/object/example-benchmark-corpus?region=us-west-2&bucketType=general&prefix=corpus%2Fexports%2Fhr%2Femployees-007.csv&versionId=520f65fb-d95a-425c-9f23-e1d8aeabb4be
0126bf6faccdd1642165a7451a686dc6,card,high,6,6,high,s3,example-benchmark-corpus,corpus/logs/app/app-005.log,us-west-2,2026-09-29T06:00:00+00:00,2026-09-29T06:00:00+00:00,none,scanner,https://us-west-2.console.aws.amazon.com/s3/object/example-benchmark-corpus?region=us-west-2&bucketType=general&prefix=corpus%2Flogs%2Fapp%2Fapp-005.log&versionId=ff471200-8273-40bf-9f01-8b532f90388e
10f923069c4ff8a0b34feb5a807b3eb4,card,high,6,6,high,s3,example-benchmark-corpus,corpus/logs/app/app-001.log,us-west-2,2026-09-29T06:00:00+00:00,2026-09-29T06:00:00+00:00,none,scanner,https://us-west-2.console.aws.amazon.com/s3/object/example-benchmark-corpus?region=us-west-2&bucketType=general&prefix=corpus%2Flogs%2Fapp%2Fapp-001.log&versionId=133fa8b2-9a36-4dfe-9a46-6a0bdc7fa61c
28e2d53973c17f30cf87c669a1663fe2,us_ssn,high,6,6,medium,s3,example-benchmark-corpus,corpus/logs/lambda/fn-004.jsonl,us-west-2,2026-09-29T06:00:00+00:00,2026-09-29T06:00:00+00:00,none,scanner,https://us-west-2.console.aws.amazon.com/s3/object/example-benchmark-corpus?region=us-west-2&bucketType=general&prefix=corpus%2Flogs%2Flambda%2Ffn-004.jsonl&versionId=bc3711f9-c9d0-4198-8db2-48e19235cf33
4bfedb7ce32e96f4f1c0f3657368eeac,card,high,6,6,high,s3,example-benchmark-corpus,corpus/logs/archive/app-002.tar.gz > app.log,us-west-2,2026-09-29T06:00:00+00:00,2026-09-29T06:00:00+00:00,none,scanner,https://us-west-2.console.aws.amazon.com/s3/object/example-benchmark-corpus?region=us-west-2&bucketType=general&prefix=corpus%2Flogs%2Farchive%2Fapp-002.tar.gz&versionId=61245fc1-a47f-461d-82be-fe2f4891cf9f
57c38c1e91130ef19d1405002a1f7e01,card,high,6,6,high,s3,example-benchmark-corpus,corpus/logs/archive/app-000.tar.gz > app.log,us-west-2,2026-09-29T06:00:00+00:00,2026-09-29T06:00:00+00:00,none,scanner,https://us-west-2.console.aws.amazon.com/s3/object/example-benchmark-corpus?region=us-west-2&bucketType=general&prefix=corpus%2Flogs%2Farchive%2Fapp-000.tar.gz&versionId=9d3d1899-ea25-4938-9e0d-185dda9fa758
71802550f6fecf1660b9fc5574f8380b,us_itin,high,6,6,high,s3,example-benchmark-corpus,corpus/exports/hr/employees-002.csv,us-west-2,2026-09-29T06:00:00+00:00,2026-09-29T06:00:00+00:00,none,scanner,https://us-west-2.console.aws.amazon.com/s3/object/example-benchmark-corpus?region=us-west-2&bucketType=general&prefix=corpus%2Fexports%2Fhr%2Femployees-002.csv&versionId=96d096dd-bd2c-42f7-b67a-2edaefade8e6
95dad20485355ff9ad3015361071f61c,card,high,6,6,high,s3,example-benchmark-corpus,corpus/logs/app/app-000.log,us-west-2,2026-09-29T06:00:00+00:00,2026-09-29T06:00:00+00:00,none,scanner,https://us-west-2.console.aws.amazon.com/s3/object/example-benchmark-corpus?region=us-west-2&bucketType=general&prefix=corpus%2Flogs%2Fapp%2Fapp-000.log&versionId=d4fcd0ed-66f6-4b21-adae-720648a778d8
a83562ec0712430d5f367d7024262ed5,card,high,6,6,high,s3,example-benchmark-corpus,corpus/logs/app/app-004.log,us-west-2,2026-09-29T06:00:00+00:00,2026-09-29T06:00:00+00:00,none,scanner,https://us-west-2.console.aws.amazon.com/s3/object/example-benchmark-corpus?region=us-west-2&bucketType=general&prefix=corpus%2Flogs%2Fapp%2Fapp-004.log&versionId=c54edaa1-f9ad-4ccd-9b6d-b590b27bff54
bc4f94d5a4ced537fd547ed1fe000d12,card,high,6,6,high,s3,example-benchmark-corpus,corpus/logs/rotated/app-000.log.gz,us-west-2,2026-09-29T06:00:00+00:00,2026-09-29T06:00:00+00:00,none,scanner,https://us-west-2.console.aws.amazon.com/s3/object/example-benchmark-corpus?region=us-west-2&bucketType=general&prefix=corpus%2Flogs%2Frotated%2Fapp-000.log.gz&versionId=02f5a14b-ec1e-4749-8aea-ef645ead2b76
c3bfd5c1540829639e4bbb8676da4581,card,high,6,6,medium,s3,example-benchmark-corpus,corpus/logs/archive/app-000.tar.gz > access.log,us-west-2,2026-09-29T06:00:00+00:00,2026-09-29T06:00:00+00:00,none,scanner,https://us-west-2.console.aws.amazon.com/s3/object/example-benchmark-corpus?region=us-west-2&bucketType=general&prefix=corpus%2Flogs%2Farchive%2Fapp-000.tar.gz&versionId=9d3d1899-ea25-4938-9e0d-185dda9fa758
cc4ac96c11d5e911f10122fcec1321ff,card,high,6,6,high,s3,example-benchmark-corpus,corpus/logs/lambda/fn-007.jsonl,us-west-2,2026-09-29T06:00:00+00:00,2026-09-29T06:00:00+00:00,none,scanner,https://us-west-2.console.aws.amazon.com/s3/object/example-benchmark-corpus?region=us-west-2&bucketType=general&prefix=corpus%2Flogs%2Flambda%2Ffn-007.jsonl&versionId=6dca536d-a689-48e6-8a5f-44779f6cb072
0d36ef5a0a91dc835f699ceecfb96fed,us_ssn,high,5,5,medium,s3,example-benchmark-corpus,corpus/logs/rotated/lambda-000.jsonl.bz2,us-west-2,2026-09-29T06:00:00+00:00,2026-09-29T06:00:00+00:00,none,scanner,https://us-west-2.console.aws.amazon.com/s3/object/example-benchmark-corpus?region=us-west-2&bucketType=general&prefix=corpus%2Flogs%2Frotated%2Flambda-000.jsonl.bz2&versionId=e2c1768e-84c2-4d65-925c-a4a604ed8c76
3dd389a42cb2f98e3425823cc24c23df,us_ssn,high,5,5,high,s3,example-benchmark-corpus,corpus/logs/app/app-004.log,us-west-2,2026-09-29T06:00:00+00:00,2026-09-29T06:00:00+00:00,none,scanner,https://us-west-2.console.aws.amazon.com/s3/object/example-benchmark-corpus?region=us-west-2&bucketType=general&prefix=corpus%2Flogs%2Fapp%2Fapp-004.log&versionId=c54edaa1-f9ad-4ccd-9b6d-b590b27bff54
984b75189bea253f4c928511582f2c86,us_ssn,high,5,5,medium,s3,example-benchmark-corpus,corpus/logs/lambda/fn-009.jsonl,us-west-2,2026-09-29T06:00:00+00:00,2026-09-29T06:00:00+00:00,none,scanner,https://us-west-2.console.aws.amazon.com/s3/object/example-benchmark-corpus?region=us-west-2&bucketType=general&prefix=corpus%2Flogs%2Flambda%2Ffn-009.jsonl&versionId=17b64abd-2154-4fae-96bb-1623d83f2520
9ed9eeab317d4b55956f6265493b84d3,card,high,5,5,medium,s3,example-benchmark-corpus,corpus/negatives/luhn_non_card-00.txt,us-west-2,2026-09-29T06:00:00+00:00,2026-09-29T06:00:00+00:00,none,scanner,https://us-west-2.console.aws.amazon.com/s3/object/example-benchmark-corpus?region=us-west-2&bucketType=general&prefix=corpus%2Fnegatives%2Fluhn_non_card-00.txt&versionId=17e0c742-68f4-41af-ab33-0c428b14a1ea
be333a204d44bcaa7105de52e307f649,card,high,5,5,high,s3,example-benchmark-corpus,corpus/support/tickets-011.json,us-west-2,2026-09-29T06:00:00+00:00,2026-09-29T06:00:00+00:00,none,scanner,https://us-west-2.console.aws.amazon.com/s3/object/example-benchmark-corpus?region=us-west-2&bucketType=general&prefix=corpus%2Fsupport%2Ftickets-011.json&versionId=c44c7f57-c93c-40ae-83db-3597714c539c
d8ff7740e440d87a420d05b63d757691,us_ssn,high,5,5,high,s3,example-benchmark-corpus,corpus/logs/app/app-000.log,us-west-2,2026-09-29T06:00:00+00:00,2026-09-29T06:00:00+00:00,none,scanner,https://us-west-2.console.aws.amazon.com/s3/object/example-benchmark-corpus?region=us-west-2&bucketType=general&prefix=corpus%2Flogs%2Fapp%2Fapp-000.log&versionId=d4fcd0ed-66f6-4b21-adae-720648a778d8
efe4c2c1fdbeefc9385058f46585cb68,card,high,5,5,high,s3,example-benchmark-corpus,corpus/logs/lambda/fn-000.jsonl,us-west-2,2026-09-29T06:00:00+00:00,2026-09-29T06:00:00+00:00,none,scanner,https://us-west-2.console.aws.amazon.com/s3/object/example-benchmark-corpus?region=us-west-2&bucketType=general&prefix=corpus%2Flogs%2Flambda%2Ffn-000.jsonl&versionId=8c306184-d109-4e5c-9f56-4c441560bb53
08a2e6ece19465c75eb7dbe34c77585c,us_ssn,high,4,4,medium,s3,example-benchmark-corpus,corpus/logs/rotated/lambda-001.jsonl.bz2,us-west-2,2026-09-29T06:00:00+00:00,2026-09-29T06:00:00+00:00,none,scanner,https://us-west-2.console.aws.amazon.com/s3/object/example-benchmark-corpus?region=us-west-2&bucketType=general&prefix=corpus%2Flogs%2Frotated%2Flambda-001.jsonl.bz2&versionId=6fefb725-f0d1-417f-bf82-69e0bc2a68a7
0e6621f6cd222abd88a29e2cbdc89462,us_ssn,high,4,4,high,s3,example-benchmark-corpus,corpus/logs/rotated/app-000.log.gz,us-west-2,2026-09-29T06:00:00+00:00,2026-09-29T06:00:00+00:00,none,scanner,https://us-west-2.console.aws.amazon.com/s3/object/example-benchmark-corpus?region=us-west-2&bucketType=general&prefix=corpus%2Flogs%2Frotated%2Fapp-000.log.gz&versionId=02f5a14b-ec1e-4749-8aea-ef645ead2b76
23a7eb5330c0d5a9f233d3e4fe0e7527,card,high,4,4,high,s3,example-benchmark-corpus,corpus/logs/rotated/app-001.log.gz,us-west-2,2026-09-29T06:00:00+00:00,2026-09-29T06:00:00+00:00,none,scanner,https://us-west-2.console.aws.amazon.com/s3/object/example-benchmark-corpus?region=us-west-2&bucketType=general&prefix=corpus%2Flogs%2Frotated%2Fapp-001.log.gz&versionId=d8fb1a3f-46f6-4066-be94-efdcb9110ffc
252df036c5c27a056e72a08947b7bf66,us_itin,high,4,4,high,s3,example-benchmark-corpus,corpus/exports/hr/employees-005.csv,us-west-2,2026-09-29T06:00:00+00:00,2026-09-29T06:00:00+00:00,none,scanner,https://us-west-2.console.aws.amazon.com/s3/object/example-benchmark-corpus?region=us-west-2&bucketType=general&prefix=corpus%2Fexports%2Fhr%2Femployees-005.csv&versionId=291f4ae6-c212-4f80-bbc6-61b550f531d2
3a4c88d03814b151d7a88565d44b9fa2,us_itin,high,4,4,high,s3,example-benchmark-corpus,corpus/exports/hr/employees-001.csv,us-west-2,2026-09-29T06:00:00+00:00,2026-09-29T06:00:00+00:00,none,scanner,https://us-west-2.console.aws.amazon.com/s3/object/example-benchmark-corpus?region=us-west-2&bucketType=general&prefix=corpus%2Fexports%2Fhr%2Femployees-001.csv&versionId=cfabc494-f720-4b45-81f5-99c6940b1d32
3ba64e15eb2357785621b90202c0ca15,us_ssn,high,4,4,medium,s3,example-benchmark-corpus,corpus/logs/lambda/fn-005.jsonl,us-west-2,2026-09-29T06:00:00+00:00,2026-09-29T06:00:00+00:00,none,scanner,https://us-west-2.console.aws.amazon.com/s3/object/example-benchmark-corpus?region=us-west-2&bucketType=general&prefix=corpus%2Flogs%2Flambda%2Ffn-005.jsonl&versionId=83bd72c5-4ee2-42ea-8ce4-938d606fff72
49a3c870ecefa484309ba11c53729e30,us_ssn,high,4,4,high,s3,example-benchmark-corpus,corpus/logs/rotated/app-001.log.gz,us-west-2,2026-09-29T06:00:00+00:00,2026-09-29T06:00:00+00:00,none,scanner,https://us-west-2.console.aws.amazon.com/s3/object/example-benchmark-corpus?region=us-west-2&bucketType=general&prefix=corpus%2Flogs%2Frotated%2Fapp-001.log.gz&versionId=d8fb1a3f-46f6-4066-be94-efdcb9110ffc
4afab7ebc2bd629f96bd65afe10a1a29,us_ssn,high,4,4,high,s3,example-benchmark-corpus,corpus/logs/archive/app-001.tar.gz > app.log,us-west-2,2026-09-29T06:00:00+00:00,2026-09-29T06:00:00+00:00,none,scanner,https://us-west-2.console.aws.amazon.com/s3/object/example-benchmark-corpus?region=us-west-2&bucketType=general&prefix=corpus%2Flogs%2Farchive%2Fapp-001.tar.gz&versionId=115056cb-06d9-4c2a-859b-82d4985a461d
5c3df3630e3bd35beb9c6d5686cd2c6e,us_ssn,high,4,4,high,s3,example-benchmark-corpus,corpus/logs/app/app-007.log,us-west-2,2026-09-29T06:00:00+00:00,2026-09-29T06:00:00+00:00,none,scanner,https://us-west-2.console.aws.amazon.com/s3/object/example-benchmark-corpus?region=us-west-2&bucketType=general&prefix=corpus%2Flogs%2Fapp%2Fapp-007.log&versionId=bd323ad5-a539-4811-a378-758c1cfa22aa
9aeaf3e37b069a55a5db9c91fa01bdd1,card,high,4,4,high,s3,example-benchmark-corpus,corpus/support/tickets-016.json,us-west-2,2026-09-29T06:00:00+00:00,2026-09-29T06:00:00+00:00,none,scanner,https://us-west-2.console.aws.amazon.com/s3/object/example-benchmark-corpus?region=us-west-2&bucketType=general&prefix=corpus%2Fsupport%2Ftickets-016.json&versionId=371c9fe1-4ee4-4d30-9b91-c6ad4c7bc52a
9dc3154486c030b9c03d8aa064425d9b,us_itin,high,4,4,high,s3,example-benchmark-corpus,corpus/exports/hr/employees-000.csv,us-west-2,2026-09-29T06:00:00+00:00,2026-09-29T06:00:00+00:00,none,scanner,https://us-west-2.console.aws.amazon.com/s3/object/example-benchmark-corpus?region=us-west-2&bucketType=general&prefix=corpus%2Fexports%2Fhr%2Femployees-000.csv&versionId=229b8682-7143-437b-9b7e-e5468ff689d2
9fa128592f6405e240821ce807e3de91,us_itin,high,4,4,high,s3,example-benchmark-corpus,corpus/exports/hr/employees-006.csv,us-west-2,2026-09-29T06:00:00+00:00,2026-09-29T06:00:00+00:00,none,scanner,https://us-west-2.console.aws.amazon.com/s3/object/example-benchmark-corpus?region=us-west-2&bucketType=general&prefix=corpus%2Fexports%2Fhr%2Femployees-006.csv&versionId=c4f3dcb9-82c3-4b41-8609-4e9e44ea6cfb
a81c44a062f31ad82c22fe256d5f1b71,us_itin,high,4,4,high,s3,example-benchmark-corpus,corpus/exports/hr/employees-003.csv,us-west-2,2026-09-29T06:00:00+00:00,2026-09-29T06:00:00+00:00,none,scanner,https://us-west-2.console.aws.amazon.com/s3/object/example-benchmark-corpus?region=us-west-2&bucketType=general&prefix=corpus%2Fexports%2Fhr%2Femployees-003.csv&versionId=31b49e77-eb70-47fa-8b06-cc6764919c85
bf0d14b789228566866f3b93bdd96771,card,high,4,4,high,s3,example-benchmark-corpus,corpus/logs/lambda/fn-006.jsonl,us-west-2,2026-09-29T06:00:00+00:00,2026-09-29T06:00:00+00:00,none,scanner,https://us-west-2.console.aws.amazon.com/s3/object/example-benchmark-corpus?region=us-west-2&bucketType=general&prefix=corpus%2Flogs%2Flambda%2Ffn-006.jsonl&versionId=1845918c-f8e8-4a42-9920-d0f7064871cd
c65f4d825b95199f38f11dfcf5c59c01,card,high,4,4,high,s3,example-benchmark-corpus,corpus/support/tickets-009.json,us-west-2,2026-09-29T06:00:00+00:00,2026-09-29T06:00:00+00:00,none,scanner,https://us-west-2.console.aws.amazon.com/s3/object/example-benchmark-corpus?region=us-west-2&bucketType=general&prefix=corpus%2Fsupport%2Ftickets-009.json&versionId=1cd42c4e-91ac-465e-a86b-aef249be4fba
c85ceae76321850c45caf00a2905eab7,card,high,4,4,high,s3,example-benchmark-corpus,corpus/support/tickets-003.json,us-west-2,2026-09-29T06:00:00+00:00,2026-09-29T06:00:00+00:00,none,scanner,https://us-west-2.console.aws.amazon.com/s3/object/example-benchmark-corpus?region=us-west-2&bucketType=general&prefix=corpus%2Fsupport%2Ftickets-003.json&versionId=f61ad857-f795-4407-8dd9-efba41d5344e
0b034d28e9ae5c716b546eebaa48e690,card,high,3,3,high,s3,example-benchmark-corpus,corpus/support/tickets-010.json,us-west-2,2026-09-29T06:00:00+00:00,2026-09-29T06:00:00+00:00,none,scanner,https://us-west-2.console.aws.amazon.com/s3/object/example-benchmark-corpus?region=us-west-2&bucketType=general&prefix=corpus%2Fsupport%2Ftickets-010.json&versionId=e601cd38-792a-449c-a142-10278d6feeea
133f112105c52e90d4d62ca5509ab2a4,card,high,3,5,high,s3,example-benchmark-corpus,corpus/Analysis/Voice/2026/09/28/call-033_analysis.json,us-west-2,2026-09-29T06:00:00+00:00,2026-09-29T06:00:00+00:00,none,scanner,https://us-west-2.console.aws.amazon.com/s3/object/example-benchmark-corpus?region=us-west-2&bucketType=general&prefix=corpus%2FAnalysis%2FVoice%2F2026%2F09%2F28%2Fcall-033_analysis.json&versionId=42640607-e2c1-472f-b08e-c69182a0a26a
14809bd01b21700000d981393eaab168,card,high,3,3,high,s3,example-benchmark-corpus,corpus/Analysis/Voice/2026/09/28/call-039_analysis.json,us-west-2,2026-09-29T06:00:00+00:00,2026-09-29T06:00:00+00:00,none,scanner,https://us-west-2.console.aws.amazon.com/s3/object/example-benchmark-corpus?region=us-west-2&bucketType=general&prefix=corpus%2FAnalysis%2FVoice%2F2026%2F09%2F28%2Fcall-039_analysis.json&versionId=931a82b8-c977-4e37-9be4-b4f9f37cb3ab
1595c5aaff98599d5bfa9ea52a04d148,card,high,3,3,high,s3,example-benchmark-corpus,corpus/logs/archive/app-001.tar.gz > app.log,us-west-2,2026-09-29T06:00:00+00:00,2026-09-29T06:00:00+00:00,none,scanner,https://us-west-2.console.aws.amazon.com/s3/object/example-benchmark-corpus?region=us-west-2&bucketType=general&prefix=corpus%2Flogs%2Farchive%2Fapp-001.tar.gz&versionId=115056cb-06d9-4c2a-859b-82d4985a461d
23464f94cb427d3ef150eb3cf9b66c7a,us_itin,high,3,3,high,s3,example-benchmark-corpus,corpus/exports/hr/employees-004.csv,us-west-2,2026-09-29T06:00:00+00:00,2026-09-29T06:00:00+00:00,none,scanner,https://us-west-2.console.aws.amazon.com/s3/object/example-benchmark-corpus?region=us-west-2&bucketType=general&prefix=corpus%2Fexports%2Fhr%2Femployees-004.csv&versionId=cb6c76a6-1df5-411f-89c8-2600cceb3117
484b37e8c4707c838d161a22f679a9b6,us_ssn,high,3,3,high,s3,example-benchmark-corpus,corpus/logs/app/app-003.log,us-west-2,2026-09-29T06:00:00+00:00,2026-09-29T06:00:00+00:00,none,scanner,https://us-west-2.console.aws.amazon.com/s3/object/example-benchmark-corpus?region=us-west-2&bucketType=general&prefix=corpus%2Flogs%2Fapp%2Fapp-003.log&versionId=98ef79a6-526e-45f7-a264-1c835654cd3e
503cc9e72e05a8e3776fbfea9594b13e,us_ssn,high,3,3,high,s3,example-benchmark-corpus,corpus/logs/rotated/app-002.log.gz,us-west-2,2026-09-29T06:00:00+00:00,2026-09-29T06:00:00+00:00,none,scanner,https://us-west-2.console.aws.amazon.com/s3/object/example-benchmark-corpus?region=us-west-2&bucketType=general&prefix=corpus%2Flogs%2Frotated%2Fapp-002.log.gz&versionId=4feaf8b5-a49c-44cd-8b31-1e80871f91f3
53e4187385056a59d0c647e6032feca9,card,high,3,3,medium,s3,example-benchmark-corpus,corpus/logs/archive/app-002.tar.gz > access.log,us-west-2,2026-09-29T06:00:00+00:00,2026-09-29T06:00:00+00:00,none,scanner,https://us-west-2.console.aws.amazon.com/s3/object/example-benchmark-corpus?region=us-west-2&bucketType=general&prefix=corpus%2Flogs%2Farchive%2Fapp-002.tar.gz&versionId=61245fc1-a47f-461d-82be-fe2f4891cf9f
5aaf3ffbe28f8d536efe7d4b5181d99e,us_ssn,high,3,3,high,s3,example-benchmark-corpus,corpus/logs/archive/app-000.tar.gz > app.log,us-west-2,2026-09-29T06:00:00+00:00,2026-09-29T06:00:00+00:00,none,scanner,https://us-west-2.console.aws.amazon.com/s3/object/example-benchmark-corpus?region=us-west-2&bucketType=general&prefix=corpus%2Flogs%2Farchive%2Fapp-000.tar.gz&versionId=9d3d1899-ea25-4938-9e0d-185dda9fa758
5d409cf2b1d989daae6778768c339099,card,high,3,3,high,s3,example-benchmark-corpus,corpus/Analysis/Voice/2026/09/28/call-026_analysis.json,us-west-2,2026-09-29T06:00:00+00:00,2026-09-29T06:00:00+00:00,none,scanner,https://us-west-2.console.aws.amazon.com/s3/object/example-benchmark-corpus?region=us-west-2&bucketType=general&prefix=corpus%2FAnalysis%2FVoice%2F2026%2F09%2F28%2Fcall-026_analysis.json&versionId=c4e9df9f-520f-4e8d-98cf-ac0d68a5b499
6b71f308a9775e9179f1de144298a9a4,card,high,3,3,high,s3,example-benchmark-corpus,corpus/logs/app/app-008.log,us-west-2,2026-09-29T06:00:00+00:00,2026-09-29T06:00:00+00:00,none,scanner,https://us-west-2.console.aws.amazon.com/s3/object/example-benchmark-corpus?region=us-west-2&bucketType=general&prefix=corpus%2Flogs%2Fapp%2Fapp-008.log&versionId=33498e4b-6e49-4cb7-b901-95ab7c5393c4
7dc63e022c1643b681b87c41f7899e7f,card,high,3,3,high,s3,example-benchmark-corpus,corpus/support/tickets-001.json,us-west-2,2026-09-29T06:00:00+00:00,2026-09-29T06:00:00+00:00,none,scanner,https://us-west-2.console.aws.amazon.com/s3/object/example-benchmark-corpus?region=us-west-2&bucketType=general&prefix=corpus%2Fsupport%2Ftickets-001.json&versionId=133e2821-6b5f-471f-bcd3-7b539e1197f2
81151e26749d7a756322eaa7025a5e21,card,high,3,4,high,s3,example-benchmark-corpus,corpus/Analysis/Voice/2026/09/28/call-006_analysis.json,us-west-2,2026-09-29T06:00:00+00:00,2026-09-29T06:00:00+00:00,none,scanner,https://us-west-2.console.aws.amazon.com/s3/object/example-benchmark-corpus?region=us-west-2&bucketType=general&prefix=corpus%2FAnalysis%2FVoice%2F2026%2F09%2F28%2Fcall-006_analysis.json&versionId=3ed4385d-1979-4f9a-9570-c4b94d9ad006
9fa4131a392df2aea4e519430b21c02d,card,high,3,3,high,s3,example-benchmark-corpus,corpus/logs/app/app-002.log,us-west-2,2026-09-29T06:00:00+00:00,2026-09-29T06:00:00+00:00,none,scanner,https://us-west-2.console.aws.amazon.com/s3/object/example-benchmark-corpus?region=us-west-2&bucketType=general&prefix=corpus%2Flogs%2Fapp%2Fapp-002.log&versionId=f3d2b7c7-5615-4032-ae40-285a077d6af1
afb50d3fca1ee2160dfc45b5f4fcf4fb,card,high,3,3,high,s3,example-benchmark-corpus,corpus/logs/app/app-006.log,us-west-2,2026-09-29T06:00:00+00:00,2026-09-29T06:00:00+00:00,none,scanner,https://us-west-2.console.aws.amazon.com/s3/object/example-benchmark-corpus?region=us-west-2&bucketType=general&prefix=corpus%2Flogs%2Fapp%2Fapp-006.log&versionId=d7245727-677a-4711-abc6-7a90e964a370
b4876b202d73a02968ed569381f8213b,card,high,3,3,high,s3,example-benchmark-corpus,corpus/support/tickets-004.json,us-west-2,2026-09-29T06:00:00+00:00,2026-09-29T06:00:00+00:00,none,scanner,https://us-west-2.console.aws.amazon.com/s3/object/example-benchmark-corpus?region=us-west-2&bucketType=general&prefix=corpus%2Fsupport%2Ftickets-004.json&versionId=839e3806-d005-4f29-94b0-004f6d42f4f5
071155dd6193aa08e88028d6a4b4d6de,cvv,high,2,2,high,s3,example-benchmark-corpus,corpus/Analysis/Voice/2026/09/28/call-026_analysis.json,us-west-2,2026-09-29T06:00:00+00:00,2026-09-29T06:00:00+00:00,none,scanner,https://us-west-2.console.aws.amazon.com/s3/object/example-benchmark-corpus?region=us-west-2&bucketType=general&prefix=corpus%2FAnalysis%2FVoice%2F2026%2F09%2F28%2Fcall-026_analysis.json&versionId=c4e9df9f-520f-4e8d-98cf-ac0d68a5b499
0bfcb02046e468b3d75436a7eaa6f886,card,high,2,2,medium,s3,example-benchmark-corpus,corpus/Analysis/Voice/2026/09/28/call-003_analysis.json,us-west-2,2026-09-29T06:00:00+00:00,2026-09-29T06:00:00+00:00,none,scanner,https://us-west-2.console.aws.amazon.com/s3/object/example-benchmark-corpus?region=us-west-2&bucketType=general&prefix=corpus%2FAnalysis%2FVoice%2F2026%2F09%2F28%2Fcall-003_analysis.json&versionId=591ea5e9-5102-42e7-9ff3-29e825bb211b
1322e3d285961edb943c76c014e66732,cvv,high,2,2,high,s3,example-benchmark-corpus,corpus/Analysis/Voice/2026/09/28/call-033_analysis.json,us-west-2,2026-09-29T06:00:00+00:00,2026-09-29T06:00:00+00:00,none,scanner,https://us-west-2.console.aws.amazon.com/s3/object/example-benchmark-corpus?region=us-west-2&bucketType=general&prefix=corpus%2FAnalysis%2FVoice%2F2026%2F09%2F28%2Fcall-033_analysis.json&versionId=42640607-e2c1-472f-b08e-c69182a0a26a
1a039dcc10c28a7e2eb26cbd6428720e,card,high,2,2,medium,s3,example-benchmark-corpus,corpus/Analysis/Voice/2026/09/28/call-010_analysis.json,us-west-2,2026-09-29T06:00:00+00:00,2026-09-29T06:00:00+00:00,none,scanner,https://us-west-2.console.aws.amazon.com/s3/object/example-benchmark-corpus?region=us-west-2&bucketType=general&prefix=corpus%2FAnalysis%2FVoice%2F2026%2F09%2F28%2Fcall-010_analysis.json&versionId=b7f3a019-5d12-49c0-82bd-f251b7aa9e62
1e252668fadb08fb86d266c3a7d8fe50,card,high,2,2,high,s3,example-benchmark-corpus,corpus/ChatTranscripts/2026/09/28/chat-030.json,us-west-2,2026-09-29T06:00:00+00:00,2026-09-29T06:00:00+00:00,none,scanner,https://us-west-2.console.aws.amazon.com/s3/object/example-benchmark-corpus?region=us-west-2&bucketType=general&prefix=corpus%2FChatTranscripts%2F2026%2F09%2F28%2Fchat-030.json&versionId=73fdaf13-f977-40b6-afcd-df763105ab6a
24c0aca395ab27c80a1abd34ff63b076,card,high,2,2,high,s3,example-benchmark-corpus,corpus/support/tickets-014.json,us-west-2,2026-09-29T06:00:00+00:00,2026-09-29T06:00:00+00:00,none,scanner,https://us-west-2.console.aws.amazon.com/s3/object/example-benchmark-corpus?region=us-west-2&bucketType=general&prefix=corpus%2Fsupport%2Ftickets-014.json&versionId=619ed5d6-eaa6-467f-b097-039b91c218f3
420bc11a1d30e4c8c3b5fd44be36e528,card,high,2,2,high,s3,example-benchmark-corpus,corpus/Analysis/Voice/2026/09/28/call-004_analysis.json,us-west-2,2026-09-29T06:00:00+00:00,2026-09-29T06:00:00+00:00,none,scanner,https://us-west-2.console.aws.amazon.com/s3/object/example-benchmark-corpus?region=us-west-2&bucketType=general&prefix=corpus%2FAnalysis%2FVoice%2F2026%2F09%2F28%2Fcall-004_analysis.json&versionId=d06e2106-e8a3-4534-9144-aa9262f93a88
483492e4bd776ae40fe6599d4fd52d9f,card,high,2,2,high,s3,example-benchmark-corpus,corpus/Analysis/Voice/2026/09/28/call-031_analysis.json,us-west-2,2026-09-29T06:00:00+00:00,2026-09-29T06:00:00+00:00,none,scanner,https://us-west-2.console.aws.amazon.com/s3/object/example-benchmark-corpus?region=us-west-2&bucketType=general&prefix=corpus%2FAnalysis%2FVoice%2F2026%2F09%2F28%2Fcall-031_analysis.json&versionId=c63340b4-28c7-422e-82a9-2d955c865720
51c386561d5234a7cd02c8616c7fd3ac,us_ssn,high,2,2,high,s3,example-benchmark-corpus,corpus/support/tickets-014.json,us-west-2,2026-09-29T06:00:00+00:00,2026-09-29T06:00:00+00:00,none,scanner,https://us-west-2.console.aws.amazon.com/s3/object/example-benchmark-corpus?region=us-west-2&bucketType=general&prefix=corpus%2Fsupport%2Ftickets-014.json&versionId=619ed5d6-eaa6-467f-b097-039b91c218f3
5410a4db9c731a51ec1e36d3815892a0,card,high,2,2,medium,s3,example-benchmark-corpus,corpus/Analysis/Voice/2026/09/28/call-001_analysis.json,us-west-2,2026-09-29T06:00:00+00:00,2026-09-29T06:00:00+00:00,none,scanner,https://us-west-2.console.aws.amazon.com/s3/object/example-benchmark-corpus?region=us-west-2&bucketType=general&prefix=corpus%2FAnalysis%2FVoice%2F2026%2F09%2F28%2Fcall-001_analysis.json&versionId=0d7015c1-896e-43a9-b9a9-e988871bc5ae
5e3444ea0bd10578f2186755e44b9a3f,cvv,high,2,2,high,s3,example-benchmark-corpus,corpus/Analysis/Voice/2026/09/28/call-004_analysis.json,us-west-2,2026-09-29T06:00:00+00:00,2026-09-29T06:00:00+00:00,none,scanner,https://us-west-2.console.aws.amazon.com/s3/object/example-benchmark-corpus?region=us-west-2&bucketType=general&prefix=corpus%2FAnalysis%2FVoice%2F2026%2F09%2F28%2Fcall-004_analysis.json&versionId=d06e2106-e8a3-4534-9144-aa9262f93a88
69b7cf2ea39f0b72478b22152eda8fb2,card,high,2,2,high,s3,example-benchmark-corpus,corpus/support/tickets-015.json,us-west-2,2026-09-29T06:00:00+00:00,2026-09-29T06:00:00+00:00,none,scanner,https://us-west-2.console.aws.amazon.com/s3/object/example-benchmark-corpus?region=us-west-2&bucketType=general&prefix=corpus%2Fsupport%2Ftickets-015.json&versionId=9a13aa2a-7a2d-4ab5-a790-2fe7189bf7ad
7d58441189e25814ce4f19bdfced22fd,cvv,high,2,2,high,s3,example-benchmark-corpus,corpus/Analysis/Voice/2026/09/28/call-039_analysis.json,us-west-2,2026-09-29T06:00:00+00:00,2026-09-29T06:00:00+00:00,none,scanner,https://us-west-2.console.aws.amazon.com/s3/object/example-benchmark-corpus?region=us-west-2&bucketType=general&prefix=corpus%2FAnalysis%2FVoice%2F2026%2F09%2F28%2Fcall-039_analysis.json&versionId=931a82b8-c977-4e37-9be4-b4f9f37cb3ab
85834b30a05b6c15ae2110e0c0d8ae4b,us_itin,high,2,2,high,s3,example-benchmark-corpus,corpus/support/tickets-018.json,us-west-2,2026-09-29T06:00:00+00:00,2026-09-29T06:00:00+00:00,none,scanner,https://us-west-2.console.aws.amazon.com/s3/object/example-benchmark-corpus?region=us-west-2&bucketType=general&prefix=corpus%2Fsupport%2Ftickets-018.json&versionId=fec51fa9-e2c6-4dc5-9e00-3e0ce2392c98
8731b9b7ed9603baa39208da1b70b9af,cvv,high,2,2,high,s3,example-benchmark-corpus,corpus/Analysis/Voice/2026/09/28/call-006_analysis.json,us-west-2,2026-09-29T06:00:00+00:00,2026-09-29T06:00:00+00:00,none,scanner,https://us-west-2.console.aws.amazon.com/s3/object/example-benchmark-corpus?region=us-west-2&bucketType=general&prefix=corpus%2FAnalysis%2FVoice%2F2026%2F09%2F28%2Fcall-006_analysis.json&versionId=3ed4385d-1979-4f9a-9570-c4b94d9ad006
88611d704b14e87f854c04ccd44ebc7b,card,high,2,2,medium,s3,example-benchmark-corpus,corpus/Analysis/Voice/2026/09/28/call-030_analysis.json,us-west-2,2026-09-29T06:00:00+00:00,2026-09-29T06:00:00+00:00,none,scanner,https://us-west-2.console.aws.amazon.com/s3/object/example-benchmark-corpus?region=us-west-2&bucketType=general&prefix=corpus%2FAnalysis%2FVoice%2F2026%2F09%2F28%2Fcall-030_analysis.json&versionId=0f70d2b1-27d8-45fa-9411-ec0a533a5435
913e47fd4ca550d0a5f09555b6ef4858,us_ssn,high,2,2,high,s3,example-benchmark-corpus,corpus/support/tickets-007.json,us-west-2,2026-09-29T06:00:00+00:00,2026-09-29T06:00:00+00:00,none,scanner,https://us-west-2.console.aws.amazon.com/s3/object/example-benchmark-corpus?region=us-west-2&bucketType=general&prefix=corpus%2Fsupport%2Ftickets-007.json&versionId=cc0c3206-248a-45dc-91db-2f207827e51f
9387873500682b0126234b8e05bd1984,card,high,2,2,high,s3,example-benchmark-corpus,corpus/Analysis/Voice/2026/09/28/call-016_analysis.json,us-west-2,2026-09-29T06:00:00+00:00,2026-09-29T06:00:00+00:00,none,scanner,https://us-west-2.console.aws.amazon.com/s3/object/example-benchmark-corpus?region=us-west-2&bucketType=general&prefix=corpus%2FAnalysis%2FVoice%2F2026%2F09%2F28%2Fcall-016_analysis.json&versionId=4768c0c1-17d0-42b0-bbb7-00c341ad25a8
94364c2aa28797cad8eb699c30ab12a1,card,high,2,2,high,s3,example-benchmark-corpus,corpus/support/tickets-013.json,us-west-2,2026-09-29T06:00:00+00:00,2026-09-29T06:00:00+00:00,none,scanner,https://us-west-2.console.aws.amazon.com/s3/object/example-benchmark-corpus?region=us-west-2&bucketType=general&prefix=corpus%2Fsupport%2Ftickets-013.json&versionId=5522df93-349d-4a6b-b1db-5941dc05d911
b1a9353bf5a68dc19e7aea60cc2108c1,card,high,2,2,high,s3,example-benchmark-corpus,corpus/support/tickets-000.json,us-west-2,2026-09-29T06:00:00+00:00,2026-09-29T06:00:00+00:00,none,scanner,https://us-west-2.console.aws.amazon.com/s3/object/example-benchmark-corpus?region=us-west-2&bucketType=general&prefix=corpus%2Fsupport%2Ftickets-000.json&versionId=dd0b9878-cb86-4bf4-af54-2d1cc5770176
bdfbea5adabae229ba0b3a5b3862e92a,card,high,2,2,medium,s3,example-benchmark-corpus,corpus/Analysis/Voice/2026/09/28/call-023_analysis.json,us-west-2,2026-09-29T06:00:00+00:00,2026-09-29T06:00:00+00:00,none,scanner,https://us-west-2.console.aws.amazon.com/s3/object/example-benchmark-corpus?region=us-west-2&bucketType=general&prefix=corpus%2FAnalysis%2FVoice%2F2026%2F09%2F28%2Fcall-023_analysis.json&versionId=6179f32c-21df-4f2a-b4df-9499e9f1b007
c3113b8e99be4d5d05bcf4062170efc6,card,high,2,2,medium,s3,example-benchmark-corpus,corpus/Analysis/Voice/2026/09/28/call-036_analysis.json,us-west-2,2026-09-29T06:00:00+00:00,2026-09-29T06:00:00+00:00,none,scanner,https://us-west-2.console.aws.amazon.com/s3/object/example-benchmark-corpus?region=us-west-2&bucketType=general&prefix=corpus%2FAnalysis%2FVoice%2F2026%2F09%2F28%2Fcall-036_analysis.json&versionId=814688dd-e170-4f43-a7f7-b9995e9ae1a3
cc5de598db583d6636a9a7c6403c6ac3,card,high,2,2,high,s3,example-benchmark-corpus,corpus/support/tickets-008.json,us-west-2,2026-09-29T06:00:00+00:00,2026-09-29T06:00:00+00:00,none,scanner,https://us-west-2.console.aws.amazon.com/s3/object/example-benchmark-corpus?region=us-west-2&bucketType=general&prefix=corpus%2Fsupport%2Ftickets-008.json&versionId=b2a8db79-4aac-463e-aa90-dc86d9c87b43
d4390dc3efcfaa33eac528644210fb59,card,high,2,2,high,s3,example-benchmark-corpus,corpus/Analysis/Voice/2026/09/28/call-018_analysis.json,us-west-2,2026-09-29T06:00:00+00:00,2026-09-29T06:00:00+00:00,none,scanner,https://us-west-2.console.aws.amazon.com/s3/object/example-benchmark-corpus?region=us-west-2&bucketType=general&prefix=corpus%2FAnalysis%2FVoice%2F2026%2F09%2F28%2Fcall-018_analysis.json&versionId=2ba4e005-3a7d-44f9-b327-95c7139e0cf7
d5dd897ee4f55d22885f93b7e544eb98,card,high,2,2,high,s3,example-benchmark-corpus,corpus/support/tickets-019.json,us-west-2,2026-09-29T06:00:00+00:00,2026-09-29T06:00:00+00:00,none,scanner,https://us-west-2.console.aws.amazon.com/s3/object/example-benchmark-corpus?region=us-west-2&bucketType=general&prefix=corpus%2Fsupport%2Ftickets-019.json&versionId=64dbfcbb-e07f-43ce-8b43-a1532e9095d4
dea1b8c74cbfd2a60ec9992dcb0b2a4c,card,high,2,2,high,s3,example-benchmark-corpus,corpus/support/tickets-017.json,us-west-2,2026-09-29T06:00:00+00:00,2026-09-29T06:00:00+00:00,none,scanner,https://us-west-2.console.aws.amazon.com/s3/object/example-benchmark-corpus?region=us-west-2&bucketType=general&prefix=corpus%2Fsupport%2Ftickets-017.json&versionId=3ea588fe-c3b7-4e86-b8bd-d5ac5335c32e
fbba3c50e71bec0d6bc51202423320ce,card,high,2,2,high,s3,example-benchmark-corpus,corpus/Analysis/Voice/2026/09/28/call-012_analysis.json,us-west-2,2026-09-29T06:00:00+00:00,2026-09-29T06:00:00+00:00,none,scanner,https://us-west-2.console.aws.amazon.com/s3/object/example-benchmark-corpus?region=us-west-2&bucketType=general&prefix=corpus%2FAnalysis%2FVoice%2F2026%2F09%2F28%2Fcall-012_analysis.json&versionId=11d54931-ad19-402e-ba74-79b5ff894636
0043e0c91fd6fe2b6d06f3588b6353dc,us_itin,high,1,1,high,s3,example-benchmark-corpus,corpus/ChatTranscripts/2026/09/28/chat-018.json,us-west-2,2026-09-29T06:00:00+00:00,2026-09-29T06:00:00+00:00,none,scanner,https://us-west-2.console.aws.amazon.com/s3/object/example-benchmark-corpus?region=us-west-2&bucketType=general&prefix=corpus%2FChatTranscripts%2F2026%2F09%2F28%2Fchat-018.json&versionId=326fe903-f205-42c0-b3ba-5d8df6d682a8
008dbf9f8d7d9e842ea3d0223f985fc5,card,high,1,1,medium,s3,example-benchmark-corpus,corpus/ChatTranscripts/2026/09/28/chat-006.json,us-west-2,2026-09-29T06:00:00+00:00,2026-09-29T06:00:00+00:00,none,scanner,https://us-west-2.console.aws.amazon.com/s3/object/example-benchmark-corpus?region=us-west-2&bucketType=general&prefix=corpus%2FChatTranscripts%2F2026%2F09%2F28%2Fchat-006.json&versionId=233e9b7f-bfed-4198-8dd4-ae040f91f9bb
0135621ab59d0655bf0a5e33295ca881,us_ssn,high,1,1,high,s3,example-benchmark-corpus,corpus/ChatTranscripts/2026/09/28/chat-017.json,us-west-2,2026-09-29T06:00:00+00:00,2026-09-29T06:00:00+00:00,none,scanner,https://us-west-2.console.aws.amazon.com/s3/object/example-benchmark-corpus?region=us-west-2&bucketType=general&prefix=corpus%2FChatTranscripts%2F2026%2F09%2F28%2Fchat-017.json&versionId=2969d378-7069-438e-9833-06add9f6dcfe
038e165514cddc4c907b34eabe5fd0e2,card,high,1,1,low,s3,example-benchmark-corpus,corpus/Analysis/Voice/2026/09/28/call-008_analysis.json,us-west-2,2026-09-29T06:00:00+00:00,2026-09-29T06:00:00+00:00,none,scanner,https://us-west-2.console.aws.amazon.com/s3/object/example-benchmark-corpus?region=us-west-2&bucketType=general&prefix=corpus%2FAnalysis%2FVoice%2F2026%2F09%2F28%2Fcall-008_analysis.json&versionId=a71354c4-cd52-462b-956c-670ebfbca5c1
0519dc921850318829964c243cbf2f92,card,high,1,1,high,s3,example-benchmark-corpus,corpus/docs/training/payments-003.pptx,us-west-2,2026-09-29T06:00:00+00:00,2026-09-29T06:00:00+00:00,none,scanner,https://us-west-2.console.aws.amazon.com/s3/object/example-benchmark-corpus?region=us-west-2&bucketType=general&prefix=corpus%2Fdocs%2Ftraining%2Fpayments-003.pptx&versionId=cb9bb896-e5df-400e-b9c7-08b96b250913
05789fbed23cc9f3b28010fd905c6541,us_ssn,high,1,1,high,s3,example-benchmark-corpus,corpus/ChatTranscripts/2026/09/28/chat-002.json,us-west-2,2026-09-29T06:00:00+00:00,2026-09-29T06:00:00+00:00,none,scanner,https://us-west-2.console.aws.amazon.com/s3/object/example-benchmark-corpus?region=us-west-2&bucketType=general&prefix=corpus%2FChatTranscripts%2F2026%2F09%2F28%2Fchat-002.json&versionId=0d4b683b-42e5-422e-abd7-2e90b9796b63
064434ec90c479ddac321e15f098e432,cvv,high,1,1,high,s3,example-benchmark-corpus,corpus/Analysis/Voice/2026/09/28/call-037_analysis.json,us-west-2,2026-09-29T06:00:00+00:00,2026-09-29T06:00:00+00:00,none,scanner,https://us-west-2.console.aws.amazon.com/s3/object/example-benchmark-corpus?region=us-west-2&bucketType=general&prefix=corpus%2FAnalysis%2FVoice%2F2026%2F09%2F28%2Fcall-037_analysis.json&versionId=23aad70c-a203-4e33-8a98-595499fdc2bf
06eb6e0b0ff140e43bee248a4249726e,us_itin,high,1,1,high,s3,example-benchmark-corpus,corpus/ChatTranscripts/2026/09/28/chat-022.json,us-west-2,2026-09-29T06:00:00+00:00,2026-09-29T06:00:00+00:00,none,scanner,https://us-west-2.console.aws.amazon.com/s3/object/example-benchmark-corpus?region=us-west-2&bucketType=general&prefix=corpus%2FChatTranscripts%2F2026%2F09%2F28%2Fchat-022.json&versionId=090becaf-1931-4e39-8a1f-dfa151e5a9aa
085f4b5b046829e87bcef99d3fe87040,cvv,high,1,1,high,s3,example-benchmark-corpus,corpus/Analysis/Voice/2026/09/28/call-020_analysis.json,us-west-2,2026-09-29T06:00:00+00:00,2026-09-29T06:00:00+00:00,none,scanner,https://us-west-2.console.aws.amazon.com/s3/object/example-benchmark-corpus?region=us-west-2&bucketType=general&prefix=corpus%2FAnalysis%2FVoice%2F2026%2F09%2F28%2Fcall-020_analysis.json&versionId=db108e04-b059-4b4d-9b0c-6c1191e2ec6c
08ce74959ab2ada39e9eefcf5d8506bd,card,high,1,1,high,s3,example-benchmark-corpus,corpus/docs/training/payments-002.pptx,us-west-2,2026-09-29T06:00:00+00:00,2026-09-29T06:00:00+00:00,none,scanner,https://us-west-2.console.aws.amazon.com/s3/object/example-benchmark-corpus?region=us-west-2&bucketType=general&prefix=corpus%2Fdocs%2Ftraining%2Fpayments-002.pptx&versionId=fe2eb352-4915-4333-bf2e-f5e6aad6ca9b
099c92dd1db1f45b919ae84b6de8658f,card,high,1,1,high,s3,example-benchmark-corpus,corpus/statements/card-015.txt,us-west-2,2026-09-29T06:00:00+00:00,2026-09-29T06:00:00+00:00,none,scanner,https://us-west-2.console.aws.amazon.com/s3/object/example-benchmark-corpus?region=us-west-2&bucketType=general&prefix=corpus%2Fstatements%2Fcard-015.txt&versionId=19299568-49da-4ffb-9245-6878c0de6de9
099dcba9ba87a6d5198862820a460722,pin,high,1,1,high,s3,example-benchmark-corpus,corpus/flow-logs/payments-017.jsonl,us-west-2,2026-09-29T06:00:00+00:00,2026-09-29T06:00:00+00:00,none,scanner,https://us-west-2.console.aws.amazon.com/s3/object/example-benchmark-corpus?region=us-west-2&bucketType=general&prefix=corpus%2Fflow-logs%2Fpayments-017.jsonl&versionId=c884da3e-018d-4838-90a1-4b9c3120a32a
0a82badae8f2863656c0cba8a3fcef18,us_ssn,high,1,1,high,s3,example-benchmark-corpus,corpus/docs/hr/offer-003.docx,us-west-2,2026-09-29T06:00:00+00:00,2026-09-29T06:00:00+00:00,none,scanner,https://us-west-2.console.aws.amazon.com/s3/object/example-benchmark-corpus?region=us-west-2&bucketType=general&prefix=corpus%2Fdocs%2Fhr%2Foffer-003.docx&versionId=24eb115b-8e0d-4a87-97a2-378ced56d3cd
0bf71c7695dc9f72b16bde13292e953e,us_ssn,high,1,1,high,s3,example-benchmark-corpus,corpus/support/tickets-017.json,us-west-2,2026-09-29T06:00:00+00:00,2026-09-29T06:00:00+00:00,none,scanner,https://us-west-2.console.aws.amazon.com/s3/object/example-benchmark-corpus?region=us-west-2&bucketType=general&prefix=corpus%2Fsupport%2Ftickets-017.json&versionId=3ea588fe-c3b7-4e86-b8bd-d5ac5335c32e
0c0aca9c0f1ef537be76ea292bf9c656,us_ssn,high,1,1,high,s3,example-benchmark-corpus,corpus/lex/PaymentsBot-001.jsonl,us-west-2,2026-09-29T06:00:00+00:00,2026-09-29T06:00:00+00:00,none,scanner,https://us-west-2.console.aws.amazon.com/s3/object/example-benchmark-corpus?region=us-west-2&bucketType=general&prefix=corpus%2Flex%2FPaymentsBot-001.jsonl&versionId=cd9544e3-4227-4b26-bb08-0d32a911a9ef
0e913dd5c3c36c9e5dc7211b10b56b7b,us_itin,high,1,1,high,s3,example-benchmark-corpus,corpus/ChatTranscripts/2026/09/28/chat-035.json,us-west-2,2026-09-29T06:00:00+00:00,2026-09-29T06:00:00+00:00,none,scanner,https://us-west-2.console.aws.amazon.com/s3/object/example-benchmark-corpus?region=us-west-2&bucketType=general&prefix=corpus%2FChatTranscripts%2F2026%2F09%2F28%2Fchat-035.json&versionId=719941bf-0c35-4373-8f23-d3e026c29672
0ec70a74f9562fa26eecff023617a02b,us_ssn,high,1,1,high,s3,example-benchmark-corpus,corpus/Analysis/Voice/2026/09/28/call-024_analysis.json,us-west-2,2026-09-29T06:00:00+00:00,2026-09-29T06:00:00+00:00,none,scanner,https://us-west-2.console.aws.amazon.com/s3/object/example-benchmark-corpus?region=us-west-2&bucketType=general&prefix=corpus%2FAnalysis%2FVoice%2F2026%2F09%2F28%2Fcall-024_analysis.json&versionId=3d578ec1-e2a4-48b7-b0a3-edef45fb004f
0f1d9b8af3e0caddcb1086bbc4d551ba,card,high,1,1,high,s3,example-benchmark-corpus,corpus/statements/card-014.txt,us-west-2,2026-09-29T06:00:00+00:00,2026-09-29T06:00:00+00:00,none,scanner,https://us-west-2.console.aws.amazon.com/s3/object/example-benchmark-corpus?region=us-west-2&bucketType=general&prefix=corpus%2Fstatements%2Fcard-014.txt&versionId=9ca46c9f-29f3-4f89-b2b5-218cbed88e93
0fdf93c63f2b9fb3638c6945d91d584c,card,high,1,1,high,s3,example-benchmark-corpus,corpus/flow-logs/payments-006.jsonl,us-west-2,2026-09-29T06:00:00+00:00,2026-09-29T06:00:00+00:00,none,scanner,https://us-west-2.console.aws.amazon.com/s3/object/example-benchmark-corpus?region=us-west-2&bucketType=general&prefix=corpus%2Fflow-logs%2Fpayments-006.jsonl&versionId=369bcaee-cafe-49dc-81e6-cc1dc7ce6898
10c87234cfa66825c92c39fbc226b4c2,us_ssn,high,1,1,high,s3,example-benchmark-corpus,corpus/support/mail/msg-017.eml,us-west-2,2026-09-29T06:00:00+00:00,2026-09-29T06:00:00+00:00,none,scanner,https://us-west-2.console.aws.amazon.com/s3/object/example-benchmark-corpus?region=us-west-2&bucketType=general&prefix=corpus%2Fsupport%2Fmail%2Fmsg-017.eml&versionId=b2a7ee02-f86b-4cf0-9ae1-dc77a64a5629
14b86e44ce1103883d76e10898fae7ba,card,high,1,1,high,s3,example-benchmark-corpus,corpus/lex/PaymentsBot-014.jsonl,us-west-2,2026-09-29T06:00:00+00:00,2026-09-29T06:00:00+00:00,none,scanner,https://us-west-2.console.aws.amazon.com/s3/object/example-benchmark-corpus?region=us-west-2&bucketType=general&prefix=corpus%2Flex%2FPaymentsBot-014.jsonl&versionId=0005f6c2-497c-40aa-a604-c030c088a628
15c85a0198dd70ac83e04a39e611cd7b,us_itin,high,1,1,high,s3,example-benchmark-corpus,corpus/ChatTranscripts/2026/09/28/chat-004.json,us-west-2,2026-09-29T06:00:00+00:00,2026-09-29T06:00:00+00:00,none,scanner,https://us-west-2.console.aws.amazon.com/s3/object/example-benchmark-corpus?region=us-west-2&bucketType=general&prefix=corpus%2FChatTranscripts%2F2026%2F09%2F28%2Fchat-004.json&versionId=491ec38a-f6eb-4035-81be-c3b8743cea74
167dfcd8455044e56ddc22086be1bba9,cvv,high,1,1,high,s3,example-benchmark-corpus,corpus/Analysis/Voice/2026/09/28/call-027_analysis.json,us-west-2,2026-09-29T06:00:00+00:00,2026-09-29T06:00:00+00:00,none,scanner,https://us-west-2.console.aws.amazon.com/s3/object/example-benchmark-corpus?region=us-west-2&bucketType=general&prefix=corpus%2FAnalysis%2FVoice%2F2026%2F09%2F28%2Fcall-027_analysis.json&versionId=bea885c5-0033-4949-8c3d-607782ceda77
16a9d7898d471be0a8d2efe35568ee67,card,high,1,1,high,s3,example-benchmark-corpus,corpus/statements/card-006.txt,us-west-2,2026-09-29T06:00:00+00:00,2026-09-29T06:00:00+00:00,none,scanner,https://us-west-2.console.aws.amazon.com/s3/object/example-benchmark-corpus?region=us-west-2&bucketType=general&prefix=corpus%2Fstatements%2Fcard-006.txt&versionId=2f72f1cb-ad78-4a17-a0d3-c3e6f1387980
16db56f9012097c2882fc721168ff84d,us_ssn,high,1,1,high,s3,example-benchmark-corpus,corpus/ChatTranscripts/2026/09/28/chat-000.json,us-west-2,2026-09-29T06:00:00+00:00,2026-09-29T06:00:00+00:00,none,scanner,https://us-west-2.console.aws.amazon.com/s3/object/example-benchmark-corpus?region=us-west-2&bucketType=general&prefix=corpus%2FChatTranscripts%2F2026%2F09%2F28%2Fchat-000.json&versionId=42ba547d-a59f-49e5-bf75-f8b8ad822e57
1966e5e26c1f5bf638b600f439df6088,pin,high,1,1,high,s3,example-benchmark-corpus,corpus/flow-logs/payments-003.jsonl,us-west-2,2026-09-29T06:00:00+00:00,2026-09-29T06:00:00+00:00,none,scanner,https://us-west-2.console.aws.amazon.com/s3/object/example-benchmark-corpus?region=us-west-2&bucketType=general&prefix=corpus%2Fflow-logs%2Fpayments-003.jsonl&versionId=43f282b0-8a7b-4d38-a64c-d5f8906660cf
1a7457ad45e3ee08654386b40793b5be,card,high,1,1,high,s3,example-benchmark-corpus,corpus/statements/card-010.txt,us-west-2,2026-09-29T06:00:00+00:00,2026-09-29T06:00:00+00:00,none,scanner,https://us-west-2.console.aws.amazon.com/s3/object/example-benchmark-corpus?region=us-west-2&bucketType=general&prefix=corpus%2Fstatements%2Fcard-010.txt&versionId=7c6a41af-e1ff-4d01-8f2e-89fb34deea1b
1b047c71b4e111aefcef6562b1f83eae,card,high,1,1,high,s3,example-benchmark-corpus,corpus/Analysis/Voice/2026/09/28/call-037_analysis.json,us-west-2,2026-09-29T06:00:00+00:00,2026-09-29T06:00:00+00:00,none,scanner,https://us-west-2.console.aws.amazon.com/s3/object/example-benchmark-corpus?region=us-west-2&bucketType=general&prefix=corpus%2FAnalysis%2FVoice%2F2026%2F09%2F28%2Fcall-037_analysis.json&versionId=23aad70c-a203-4e33-8a98-595499fdc2bf
1eb6b0ac42fcc305afa23bcb6bd5257a,us_ssn,high,1,1,high,s3,example-benchmark-corpus,corpus/Analysis/Voice/2026/09/28/call-011_analysis.json,us-west-2,2026-09-29T06:00:00+00:00,2026-09-29T06:00:00+00:00,none,scanner,https://us-west-2.console.aws.amazon.com/s3/object/example-benchmark-corpus?region=us-west-2&bucketType=general&prefix=corpus%2FAnalysis%2FVoice%2F2026%2F09%2F28%2Fcall-011_analysis.json&versionId=bafdcc63-d3fd-4721-bda8-b34d8d69c61c
1fca935b9921515a877cf07e3027d028,cvv,high,1,1,high,s3,example-benchmark-corpus,corpus/flow-logs/payments-016.jsonl,us-west-2,2026-09-29T06:00:00+00:00,2026-09-29T06:00:00+00:00,none,scanner,https://us-west-2.console.aws.amazon.com/s3/object/example-benchmark-corpus?region=us-west-2&bucketType=general&prefix=corpus%2Fflow-logs%2Fpayments-016.jsonl&versionId=0935702f-cbe3-4d31-82b3-4114f5027761
20f9c1bf703081a9396585fd7c454fd4,us_ssn,high,1,1,high,s3,example-benchmark-corpus,corpus/support/tickets-008.json,us-west-2,2026-09-29T06:00:00+00:00,2026-09-29T06:00:00+00:00,none,scanner,https://us-west-2.console.aws.amazon.com/s3/object/example-benchmark-corpus?region=us-west-2&bucketType=general&prefix=corpus%2Fsupport%2Ftickets-008.json&versionId=b2a8db79-4aac-463e-aa90-dc86d9c87b43
22ba2ab7955f864c13a816424a4344f4,cvv,high,1,1,high,s3,example-benchmark-corpus,corpus/lex/PaymentsBot-008.jsonl,us-west-2,2026-09-29T06:00:00+00:00,2026-09-29T06:00:00+00:00,none,scanner,https://us-west-2.console.aws.amazon.com/s3/object/example-benchmark-corpus?region=us-west-2&bucketType=general&prefix=corpus%2Flex%2FPaymentsBot-008.jsonl&versionId=d4840ef6-0367-4678-957f-3d6bc4fba5fa
235e25c9b6d2c85dad3d60677b3ba7bc,us_ssn,high,1,1,high,s3,example-benchmark-corpus,corpus/ChatTranscripts/2026/09/28/chat-005.json,us-west-2,2026-09-29T06:00:00+00:00,2026-09-29T06:00:00+00:00,none,scanner,https://us-west-2.console.aws.amazon.com/s3/object/example-benchmark-corpus?region=us-west-2&bucketType=general&prefix=corpus%2FChatTranscripts%2F2026%2F09%2F28%2Fchat-005.json&versionId=71c4ae3c-67f7-470b-a83b-a4bf681253bd
256c6e17226b05a710afe2cdd6cd07e6,pin,high,1,1,high,s3,example-benchmark-corpus,corpus/lex/PaymentsBot-014.jsonl,us-west-2,2026-09-29T06:00:00+00:00,2026-09-29T06:00:00+00:00,none,scanner,https://us-west-2.console.aws.amazon.com/s3/object/example-benchmark-corpus?region=us-west-2&bucketType=general&prefix=corpus%2Flex%2FPaymentsBot-014.jsonl&versionId=0005f6c2-497c-40aa-a604-c030c088a628
25956a099a89f3f54d9830a0fd34af1e,us_ssn,high,1,1,high,s3,example-benchmark-corpus,corpus/lex/PaymentsBot-011.jsonl,us-west-2,2026-09-29T06:00:00+00:00,2026-09-29T06:00:00+00:00,none,scanner,https://us-west-2.console.aws.amazon.com/s3/object/example-benchmark-corpus?region=us-west-2&bucketType=general&prefix=corpus%2Flex%2FPaymentsBot-011.jsonl&versionId=42360c26-d74d-447a-ac54-c84561e4177e
25b18c5e04087ff3635ca3d522faee70,us_ssn,high,1,1,high,s3,example-benchmark-corpus,corpus/docs/hr/offer-001.docx,us-west-2,2026-09-29T06:00:00+00:00,2026-09-29T06:00:00+00:00,none,scanner,https://us-west-2.console.aws.amazon.com/s3/object/example-benchmark-corpus?region=us-west-2&bucketType=general&prefix=corpus%2Fdocs%2Fhr%2Foffer-001.docx&versionId=a7c47d47-de9b-4fd5-b0c4-427eb179ea33
26b14ad293c4293f279c74031fa34165,us_itin,high,1,1,high,s3,example-benchmark-corpus,corpus/support/tickets-006.json,us-west-2,2026-09-29T06:00:00+00:00,2026-09-29T06:00:00+00:00,none,scanner,https://us-west-2.console.aws.amazon.com/s3/object/example-benchmark-corpus?region=us-west-2&bucketType=general&prefix=corpus%2Fsupport%2Ftickets-006.json&versionId=d56a4947-5479-4486-9cbc-f96221a392a8
294f703994d3a4aaf682f1d2f13c6bf9,card,high,1,1,high,s3,example-benchmark-corpus,corpus/lex/PaymentsBot-018.jsonl,us-west-2,2026-09-29T06:00:00+00:00,2026-09-29T06:00:00+00:00,none,scanner,https://us-west-2.console.aws.amazon.com/s3/object/example-benchmark-corpus?region=us-west-2&bucketType=general&prefix=corpus%2Flex%2FPaymentsBot-018.jsonl&versionId=b5d4c147-59d8-401b-8796-076346766577
2c6045132a3dda874ec29a01ffd0bcf2,us_ssn,high,1,1,high,s3,example-benchmark-corpus,corpus/support/mail/msg-001.eml,us-west-2,2026-09-29T06:00:00+00:00,2026-09-29T06:00:00+00:00,none,scanner,https://us-west-2.console.aws.amazon.com/s3/object/example-benchmark-corpus?region=us-west-2&bucketType=general&prefix=corpus%2Fsupport%2Fmail%2Fmsg-001.eml&versionId=814abc34-75e1-4adc-8050-31cb1aaa29d1
2c77fcc3f122ffc399fb7f19087f461c,cvv,high,1,1,high,s3,example-benchmark-corpus,corpus/Analysis/Voice/2026/09/28/call-003_analysis.json,us-west-2,2026-09-29T06:00:00+00:00,2026-09-29T06:00:00+00:00,none,scanner,https://us-west-2.console.aws.amazon.com/s3/object/example-benchmark-corpus?region=us-west-2&bucketType=general&prefix=corpus%2FAnalysis%2FVoice%2F2026%2F09%2F28%2Fcall-003_analysis.json&versionId=591ea5e9-5102-42e7-9ff3-29e825bb211b
2c7ec1ebc507d65e5ef43996513fc9a9,card,high,1,1,high,s3,example-benchmark-corpus,corpus/Analysis/Voice/2026/09/28/call-021_analysis.json,us-west-2,2026-09-29T06:00:00+00:00,2026-09-29T06:00:00+00:00,none,scanner,https://us-west-2.console.aws.amazon.com/s3/object/example-benchmark-corpus?region=us-west-2&bucketType=general&prefix=corpus%2FAnalysis%2FVoice%2F2026%2F09%2F28%2Fcall-021_analysis.json&versionId=8c7f28de-cda6-45f9-83f1-ebaaeb43d985
2cbd5e8790e309c9835bae9922f54a0e,card,high,1,1,high,s3,example-benchmark-corpus,corpus/ChatTranscripts/2026/09/28/chat-015.json,us-west-2,2026-09-29T06:00:00+00:00,2026-09-29T06:00:00+00:00,none,scanner,https://us-west-2.console.aws.amazon.com/s3/object/example-benchmark-corpus?region=us-west-2&bucketType=general&prefix=corpus%2FChatTranscripts%2F2026%2F09%2F28%2Fchat-015.json&versionId=76ee1abb-9b05-4a24-8d7c-488c763257e6
2cee2d96923ccf188a91216df5419b4f,us_itin,high,1,1,high,s3,example-benchmark-corpus,corpus/flow-logs/payments-001.jsonl,us-west-2,2026-09-29T06:00:00+00:00,2026-09-29T06:00:00+00:00,none,scanner,https://us-west-2.console.aws.amazon.com/s3/object/example-benchmark-corpus?region=us-west-2&bucketType=general&prefix=corpus%2Fflow-logs%2Fpayments-001.jsonl&versionId=dce4c2fb-51a4-42c7-9cfd-00f07022a12a
2d36b3cf2ae3f81f6fb80bc98073cdad,card,high,1,1,medium,s3,example-benchmark-corpus,corpus/ChatTranscripts/2026/09/28/chat-033.json,us-west-2,2026-09-29T06:00:00+00:00,2026-09-29T06:00:00+00:00,none,scanner,https://us-west-2.console.aws.amazon.com/s3/object/example-benchmark-corpus?region=us-west-2&bucketType=general&prefix=corpus%2FChatTranscripts%2F2026%2F09%2F28%2Fchat-033.json&versionId=2401ffa5-dd65-4dc1-a247-e1296fd6ad7f
2d6a881c13264416a5ac7295d9eb7577,cvv,high,1,1,high,s3,example-benchmark-corpus,corpus/flow-logs/payments-014.jsonl,us-west-2,2026-09-29T06:00:00+00:00,2026-09-29T06:00:00+00:00,none,scanner,https://us-west-2.console.aws.amazon.com/s3/object/example-benchmark-corpus?region=us-west-2&bucketType=general&prefix=corpus%2Fflow-logs%2Fpayments-014.jsonl&versionId=3c33204d-f044-438b-ad60-1bceab441949
3157c42dcadeb0868802c8bc8b3375ef,card,high,1,1,high,s3,example-benchmark-corpus,corpus/lex/PaymentsBot-005.jsonl,us-west-2,2026-09-29T06:00:00+00:00,2026-09-29T06:00:00+00:00,none,scanner,https://us-west-2.console.aws.amazon.com/s3/object/example-benchmark-corpus?region=us-west-2&bucketType=general&prefix=corpus%2Flex%2FPaymentsBot-005.jsonl&versionId=ed3c842a-a8e4-482f-8b87-4ee07fb623e9
3436da8cd79a766c13618fc5f5c0ed6a,card,high,1,1,high,s3,example-benchmark-corpus,corpus/lex/PaymentsBot-012.jsonl,us-west-2,2026-09-29T06:00:00+00:00,2026-09-29T06:00:00+00:00,none,scanner,https://us-west-2.console.aws.amazon.com/s3/object/example-benchmark-corpus?region=us-west-2&bucketType=general&prefix=corpus%2Flex%2FPaymentsBot-012.jsonl&versionId=f5416e84-4af9-4b99-83c5-8adefdb8f99a
358c0cc40e5ea42f4dbd731748859dbc,cvv,high,1,1,high,s3,example-benchmark-corpus,corpus/Analysis/Voice/2026/09/28/call-019_analysis.json,us-west-2,2026-09-29T06:00:00+00:00,2026-09-29T06:00:00+00:00,none,scanner,https://us-west-2.console.aws.amazon.com/s3/object/example-benchmark-corpus?region=us-west-2&bucketType=general&prefix=corpus%2FAnalysis%2FVoice%2F2026%2F09%2F28%2Fcall-019_analysis.json&versionId=1948d6d7-2e21-4b88-baa4-03eed5909a94
35d40f46109c73489a84210dbb083df9,card,high,1,1,high,s3,example-benchmark-corpus,corpus/docs/training/payments-001.pptx,us-west-2,2026-09-29T06:00:00+00:00,2026-09-29T06:00:00+00:00,none,scanner,https://us-west-2.console.aws.amazon.com/s3/object/example-benchmark-corpus?region=us-west-2&bucketType=general&prefix=corpus%2Fdocs%2Ftraining%2Fpayments-001.pptx&versionId=8ddcf069-6f94-4d22-9080-e7251b765e70
37ac6be04e1b14da120ae03b01eb057e,us_itin,high,1,1,high,s3,example-benchmark-corpus,corpus/support/tickets-000.json,us-west-2,2026-09-29T06:00:00+00:00,2026-09-29T06:00:00+00:00,none,scanner,https://us-west-2.console.aws.amazon.com/s3/object/example-benchmark-corpus?region=us-west-2&bucketType=general&prefix=corpus%2Fsupport%2Ftickets-000.json&versionId=dd0b9878-cb86-4bf4-af54-2d1cc5770176
388b0c35ad46de70059f52ab25f1b665,pin,high,1,1,high,s3,example-benchmark-corpus,corpus/lex/PaymentsBot-003.jsonl,us-west-2,2026-09-29T06:00:00+00:00,2026-09-29T06:00:00+00:00,none,scanner,https://us-west-2.console.aws.amazon.com/s3/object/example-benchmark-corpus?region=us-west-2&bucketType=general&prefix=corpus%2Flex%2FPaymentsBot-003.jsonl&versionId=3d2a82b6-35a6-46bf-b95a-f7aa5be38ccf
3a92537a599d34f9985c20e4906422bc,card,high,1,2,high,s3,example-benchmark-corpus,corpus/Analysis/Voice/2026/09/28/call-035_analysis.json,us-west-2,2026-09-29T06:00:00+00:00,2026-09-29T06:00:00+00:00,none,scanner,https://us-west-2.console.aws.amazon.com/s3/object/example-benchmark-corpus?region=us-west-2&bucketType=general&prefix=corpus%2FAnalysis%2FVoice%2F2026%2F09%2F28%2Fcall-035_analysis.json&versionId=8eeccdb1-302e-4a94-a4ae-93bc4e39a19f
3b215ba19e18b9b5ea6a207e00e0e50f,card,high,1,1,high,s3,example-benchmark-corpus,corpus/support/mail/msg-005.eml,us-west-2,2026-09-29T06:00:00+00:00,2026-09-29T06:00:00+00:00,none,scanner,https://us-west-2.console.aws.amazon.com/s3/object/example-benchmark-corpus?region=us-west-2&bucketType=general&prefix=corpus%2Fsupport%2Fmail%2Fmsg-005.eml&versionId=e81cc540-1a2d-4dc1-beea-00b9cd6d99ad
3b544e722e27ab4d14d82da23d65a094,pin,high,1,1,high,s3,example-benchmark-corpus,corpus/flow-logs/payments-012.jsonl,us-west-2,2026-09-29T06:00:00+00:00,2026-09-29T06:00:00+00:00,none,scanner,https://us-west-2.console.aws.amazon.com/s3/object/example-benchmark-corpus?region=us-west-2&bucketType=general&prefix=corpus%2Fflow-logs%2Fpayments-012.jsonl&versionId=bfa13a62-7c30-4c6a-b21e-28867a4b3660
3b5d91cb6f635040209f10e932a6b2e7,us_itin,high,1,1,high,s3,example-benchmark-corpus,corpus/support/tickets-016.json,us-west-2,2026-09-29T06:00:00+00:00,2026-09-29T06:00:00+00:00,none,scanner,https://us-west-2.console.aws.amazon.com/s3/object/example-benchmark-corpus?region=us-west-2&bucketType=general&prefix=corpus%2Fsupport%2Ftickets-016.json&versionId=371c9fe1-4ee4-4d30-9b91-c6ad4c7bc52a
3b99cd1d4e8982f0492cea2dc4c1d5ac,cvv,high,1,1,high,s3,example-benchmark-corpus,corpus/lex/PaymentsBot-002.jsonl,us-west-2,2026-09-29T06:00:00+00:00,2026-09-29T06:00:00+00:00,none,scanner,https://us-west-2.console.aws.amazon.com/s3/object/example-benchmark-corpus?region=us-west-2&bucketType=general&prefix=corpus%2Flex%2FPaymentsBot-002.jsonl&versionId=c0a93712-fe95-4e81-ba5b-16b45ad02a28
4329fde3599e156cf392676e65f51f5a,cvv,high,1,1,high,s3,example-benchmark-corpus,corpus/flow-logs/payments-002.jsonl,us-west-2,2026-09-29T06:00:00+00:00,2026-09-29T06:00:00+00:00,none,scanner,https://us-west-2.console.aws.amazon.com/s3/object/example-benchmark-corpus?region=us-west-2&bucketType=general&prefix=corpus%2Fflow-logs%2Fpayments-002.jsonl&versionId=c4cda403-6eba-434a-aa9c-bdc2b778e6a8
435d790d0bd4c6e7b04454602f851365,card,high,1,1,high,s3,example-benchmark-corpus,corpus/Analysis/Voice/2026/09/28/call-009_analysis.json,us-west-2,2026-09-29T06:00:00+00:00,2026-09-29T06:00:00+00:00,none,scanner,https://us-west-2.console.aws.amazon.com/s3/object/example-benchmark-corpus?region=us-west-2&bucketType=general&prefix=corpus%2FAnalysis%2FVoice%2F2026%2F09%2F28%2Fcall-009_analysis.json&versionId=ff3b0586-11c2-4485-9e21-560cb42af542
43cbe855d59e6cc807a4ef2f4b3d2ee1,pin,high,1,1,high,s3,example-benchmark-corpus,corpus/lex/PaymentsBot-006.jsonl,us-west-2,2026-09-29T06:00:00+00:00,2026-09-29T06:00:00+00:00,none,scanner,https://us-west-2.console.aws.amazon.com/s3/object/example-benchmark-corpus?region=us-west-2&bucketType=general&prefix=corpus%2Flex%2FPaymentsBot-006.jsonl&versionId=e38e398c-b383-40d8-aeec-0fe1fa7a0803
44bd944fb8ec6ae651457dbd2c9807bb,cvv,high,1,1,high,s3,example-benchmark-corpus,corpus/Analysis/Voice/2026/09/28/call-000_analysis.json,us-west-2,2026-09-29T06:00:00+00:00,2026-09-29T06:00:00+00:00,none,scanner,https://us-west-2.console.aws.amazon.com/s3/object/example-benchmark-corpus?region=us-west-2&bucketType=general&prefix=corpus%2FAnalysis%2FVoice%2F2026%2F09%2F28%2Fcall-000_analysis.json&versionId=8d69bf6b-685e-4ba5-a701-2d8b69eda450
45bb743f61581a2d9b64a2a5b1f191f3,us_ssn,high,1,1,high,s3,example-benchmark-corpus,corpus/lex/PaymentsBot-007.jsonl,us-west-2,2026-09-29T06:00:00+00:00,2026-09-29T06:00:00+00:00,none,scanner,https://us-west-2.console.aws.amazon.com/s3/object/example-benchmark-corpus?region=us-west-2&bucketType=general&prefix=corpus%2Flex%2FPaymentsBot-007.jsonl&versionId=22130612-01b0-43b3-81d3-e15806db248f
4650469f9d2f9b5d36646f376a596d7f,cvv,high,1,1,high,s3,example-benchmark-corpus,corpus/Analysis/Voice/2026/09/28/call-001_analysis.json,us-west-2,2026-09-29T06:00:00+00:00,2026-09-29T06:00:00+00:00,none,scanner,https://us-west-2.console.aws.amazon.com/s3/object/example-benchmark-corpus?region=us-west-2&bucketType=general&prefix=corpus%2FAnalysis%2FVoice%2F2026%2F09%2F28%2Fcall-001_analysis.json&versionId=0d7015c1-896e-43a9-b9a9-e988871bc5ae
482ea71ca1e7d6d646f1c1113b658d32,card,high,1,1,high,s3,example-benchmark-corpus,corpus/statements/pdf/card-006.pdf,us-west-2,2026-09-29T06:00:00+00:00,2026-09-29T06:00:00+00:00,none,scanner,https://us-west-2.console.aws.amazon.com/s3/object/example-benchmark-corpus?region=us-west-2&bucketType=general&prefix=corpus%2Fstatements%2Fpdf%2Fcard-006.pdf&versionId=a8a48320-9508-4843-aade-972738c4d965
48b4ce5ecb69a97bf2dc410e08122af0,us_ssn,high,1,1,high,s3,example-benchmark-corpus,corpus/Analysis/Voice/2026/09/28/call-027_analysis.json,us-west-2,2026-09-29T06:00:00+00:00,2026-09-29T06:00:00+00:00,none,scanner,https://us-west-2.console.aws.amazon.com/s3/object/example-benchmark-corpus?region=us-west-2&bucketType=general&prefix=corpus%2FAnalysis%2FVoice%2F2026%2F09%2F28%2Fcall-027_analysis.json&versionId=bea885c5-0033-4949-8c3d-607782ceda77
4a506b813b183a02467ba8bff899dddc,card,high,1,1,low,s3,example-benchmark-corpus,corpus/Analysis/Voice/2026/09/28/call-007_analysis.json,us-west-2,2026-09-29T06:00:00+00:00,2026-09-29T06:00:00+00:00,none,scanner,https://us-west-2.console.aws.amazon.com/s3/object/example-benchmark-corpus?region=us-west-2&bucketType=general&prefix=corpus%2FAnalysis%2FVoice%2F2026%2F09%2F28%2Fcall-007_analysis.json&versionId=01c4b226-0196-437d-9f3f-ac60a5cb99b6
4a691b20d0857cf3191bbbd82c510520,pin,high,1,1,high,s3,example-benchmark-corpus,corpus/flow-logs/payments-008.jsonl,us-west-2,2026-09-29T06:00:00+00:00,2026-09-29T06:00:00+00:00,none,scanner,https://us-west-2.console.aws.amazon.com/s3/object/example-benchmark-corpus?region=us-west-2&bucketType=general&prefix=corpus%2Fflow-logs%2Fpayments-008.jsonl&versionId=11d700f7-d319-437a-9c98-156172fd38c3
4b1db9ee5259aefaabaf84f5c624345c,card,high,1,1,medium,s3,example-benchmark-corpus,corpus/statements/pdf/checking-005.pdf,us-west-2,2026-09-29T06:00:00+00:00,2026-09-29T06:00:00+00:00,none,scanner,https://us-west-2.console.aws.amazon.com/s3/object/example-benchmark-corpus?region=us-west-2&bucketType=general&prefix=corpus%2Fstatements%2Fpdf%2Fchecking-005.pdf&versionId=774e879a-98ec-41aa-8bce-aaae4a88f7cf
4b678f8c7ecbff8c67fb4cef04fb84fd,card,high,1,1,medium,s3,example-benchmark-corpus,corpus/ChatTranscripts/2026/09/28/chat-003.json,us-west-2,2026-09-29T06:00:00+00:00,2026-09-29T06:00:00+00:00,none,scanner,https://us-west-2.console.aws.amazon.com/s3/object/example-benchmark-corpus?region=us-west-2&bucketType=general&prefix=corpus%2FChatTranscripts%2F2026%2F09%2F28%2Fchat-003.json&versionId=2f2d0e6d-1e19-40ed-a48c-30b82665a8aa
4b7c80273fc8e09c8b53155f15c8d8d2,us_ssn,high,1,1,high,s3,example-benchmark-corpus,corpus/support/tickets-013.json,us-west-2,2026-09-29T06:00:00+00:00,2026-09-29T06:00:00+00:00,none,scanner,https://us-west-2.console.aws.amazon.com/s3/object/example-benchmark-corpus?region=us-west-2&bucketType=general&prefix=corpus%2Fsupport%2Ftickets-013.json&versionId=5522df93-349d-4a6b-b1db-5941dc05d911
4d0ba70becd970ee4f932d3a1281db83,us_itin,high,1,1,high,s3,example-benchmark-corpus,corpus/ChatTranscripts/2026/09/28/chat-032.json,us-west-2,2026-09-29T06:00:00+00:00,2026-09-29T06:00:00+00:00,none,scanner,https://us-west-2.console.aws.amazon.com/s3/object/example-benchmark-corpus?region=us-west-2&bucketType=general&prefix=corpus%2FChatTranscripts%2F2026%2F09%2F28%2Fchat-032.json&versionId=01b386e6-9612-49ee-89f6-66042c6fc065
4e4f5dc6565b66049d24145fe0d681b5,cvv,high,1,1,high,s3,example-benchmark-corpus,corpus/Analysis/Voice/2026/09/28/call-010_analysis.json,us-west-2,2026-09-29T06:00:00+00:00,2026-09-29T06:00:00+00:00,none,scanner,https://us-west-2.console.aws.amazon.com/s3/object/example-benchmark-corpus?region=us-west-2&bucketType=general&prefix=corpus%2FAnalysis%2FVoice%2F2026%2F09%2F28%2Fcall-010_analysis.json&versionId=b7f3a019-5d12-49c0-82bd-f251b7aa9e62
4f22c69252ca8125eb03ea46061769f5,us_ssn,high,1,1,high,s3,example-benchmark-corpus,corpus/docs/hr/offer-002.docx,us-west-2,2026-09-29T06:00:00+00:00,2026-09-29T06:00:00+00:00,none,scanner,https://us-west-2.console.aws.amazon.com/s3/object/example-benchmark-corpus?region=us-west-2&bucketType=general&prefix=corpus%2Fdocs%2Fhr%2Foffer-002.docx&versionId=b86752be-3f2f-4ca0-84fd-11fc64ff5a6f
4f511dbc588895372c689b8463b027aa,us_ssn,high,1,1,high,s3,example-benchmark-corpus,corpus/Analysis/Voice/2026/09/28/call-022_analysis.json,us-west-2,2026-09-29T06:00:00+00:00,2026-09-29T06:00:00+00:00,none,scanner,https://us-west-2.console.aws.amazon.com/s3/object/example-benchmark-corpus?region=us-west-2&bucketType=general&prefix=corpus%2FAnalysis%2FVoice%2F2026%2F09%2F28%2Fcall-022_analysis.json&versionId=48977b2c-f210-426f-8b93-017a9a232f22
4fba5a41d4ffa2f592ade2eec1a9337c,us_itin,high,1,1,high,s3,example-benchmark-corpus,corpus/support/tickets-014.json,us-west-2,2026-09-29T06:00:00+00:00,2026-09-29T06:00:00+00:00,none,scanner,https://us-west-2.console.aws.amazon.com/s3/object/example-benchmark-corpus?region=us-west-2&bucketType=general&prefix=corpus%2Fsupport%2Ftickets-014.json&versionId=619ed5d6-eaa6-467f-b097-039b91c218f3
507bd4847f1fdb4e0a9f0d2f2194de6a,card,high,1,1,medium,s3,example-benchmark-corpus,corpus/ChatTranscripts/2026/09/28/chat-026.json,us-west-2,2026-09-29T06:00:00+00:00,2026-09-29T06:00:00+00:00,none,scanner,https://us-west-2.console.aws.amazon.com/s3/object/example-benchmark-corpus?region=us-west-2&bucketType=general&prefix=corpus%2FChatTranscripts%2F2026%2F09%2F28%2Fchat-026.json&versionId=36e6a24d-64ff-4c4e-8339-0e15a36c809d
5148fe71c9f560e2dcf0771550d02b37,us_ssn,high,1,1,high,s3,example-benchmark-corpus,corpus/lex/PaymentsBot-018.jsonl,us-west-2,2026-09-29T06:00:00+00:00,2026-09-29T06:00:00+00:00,none,scanner,https://us-west-2.console.aws.amazon.com/s3/object/example-benchmark-corpus?region=us-west-2&bucketType=general&prefix=corpus%2Flex%2FPaymentsBot-018.jsonl&versionId=b5d4c147-59d8-401b-8796-076346766577
54a3bf3d56345e58b24fddf571fa253e,card,high,1,1,high,s3,example-benchmark-corpus,corpus/statements/pdf/card-004.pdf,us-west-2,2026-09-29T06:00:00+00:00,2026-09-29T06:00:00+00:00,none,scanner,https://us-west-2.console.aws.amazon.com/s3/object/example-benchmark-corpus?region=us-west-2&bucketType=general&prefix=corpus%2Fstatements%2Fpdf%2Fcard-004.pdf&versionId=5bef576c-6668-4c87-9b9b-b3ce83c193bd
54f42d252a0f33e52eccf456e326a96c,cvv,high,1,1,high,s3,example-benchmark-corpus,corpus/flow-logs/payments-018.jsonl,us-west-2,2026-09-29T06:00:00+00:00,2026-09-29T06:00:00+00:00,none,scanner,https://us-west-2.console.aws.amazon.com/s3/object/example-benchmark-corpus?region=us-west-2&bucketType=general&prefix=corpus%2Fflow-logs%2Fpayments-018.jsonl&versionId=58289fc5-17d7-4480-acc5-e16edfab3b22
56352cde1cb04fabcc1019cb5376a641,card,high,1,1,high,s3,example-benchmark-corpus,corpus/flow-logs/payments-000.jsonl,us-west-2,2026-09-29T06:00:00+00:00,2026-09-29T06:00:00+00:00,none,scanner,https://us-west-2.console.aws.amazon.com/s3/object/example-benchmark-corpus?region=us-west-2&bucketType=general&prefix=corpus%2Fflow-logs%2Fpayments-000.jsonl&versionId=1bf0ba63-56b2-4856-8dd2-c85a50587d19
57b2bbe0e75d810799e22957355513da,cvv,high,1,1,high,s3,example-benchmark-corpus,corpus/Analysis/Voice/2026/09/28/call-012_analysis.json,us-west-2,2026-09-29T06:00:00+00:00,2026-09-29T06:00:00+00:00,none,scanner,https://us-west-2.console.aws.amazon.com/s3/object/example-benchmark-corpus?region=us-west-2&bucketType=general&prefix=corpus%2FAnalysis%2FVoice%2F2026%2F09%2F28%2Fcall-012_analysis.json&versionId=11d54931-ad19-402e-ba74-79b5ff894636
57e843880da2837d6b9d7877c061568a,card,high,1,1,high,s3,example-benchmark-corpus,corpus/statements/card-009.txt,us-west-2,2026-09-29T06:00:00+00:00,2026-09-29T06:00:00+00:00,none,scanner,https://us-west-2.console.aws.amazon.com/s3/object/example-benchmark-corpus?region=us-west-2&bucketType=general&prefix=corpus%2Fstatements%2Fcard-009.txt&versionId=53a780d3-4f4e-48ea-b72d-1493cf48e90f
58a7ed9b861dae63417beda83b805d5b,us_ssn,high,1,1,high,s3,example-benchmark-corpus,corpus/support/mail/msg-016.eml,us-west-2,2026-09-29T06:00:00+00:00,2026-09-29T06:00:00+00:00,none,scanner,https://us-west-2.console.aws.amazon.com/s3/object/example-benchmark-corpus?region=us-west-2&bucketType=general&prefix=corpus%2Fsupport%2Fmail%2Fmsg-016.eml&versionId=34e3a5f9-3e63-4418-9e4e-4945e4492fc5
58c253275f6db8d33b2bd9902dcceebb,card,high,1,1,high,s3,example-benchmark-corpus,corpus/docs/training/payments-004.pptx,us-west-2,2026-09-29T06:00:00+00:00,2026-09-29T06:00:00+00:00,none,scanner,https://us-west-2.console.aws.amazon.com/s3/object/example-benchmark-corpus?region=us-west-2&bucketType=general&prefix=corpus%2Fdocs%2Ftraining%2Fpayments-004.pptx&versionId=e184b607-4106-4f6e-9055-db368f12f490
59987a6b7bb01140b1346e9cedfddfb9,card,high,1,1,medium,s3,example-benchmark-corpus,corpus/ChatTranscripts/2026/09/28/chat-004.json,us-west-2,2026-09-29T06:00:00+00:00,2026-09-29T06:00:00+00:00,none,scanner,https://us-west-2.console.aws.amazon.com/s3/object/example-benchmark-corpus?region=us-west-2&bucketType=general&prefix=corpus%2FChatTranscripts%2F2026%2F09%2F28%2Fchat-004.json&versionId=491ec38a-f6eb-4035-81be-c3b8743cea74
59a854b5a5d146e6b0c967199a2bddb8,us_itin,high,1,1,high,s3,example-benchmark-corpus,corpus/ChatTranscripts/2026/09/28/chat-029.json,us-west-2,2026-09-29T06:00:00+00:00,2026-09-29T06:00:00+00:00,none,scanner,https://us-west-2.console.aws.amazon.com/s3/object/example-benchmark-corpus?region=us-west-2&bucketType=general&prefix=corpus%2FChatTranscripts%2F2026%2F09%2F28%2Fchat-029.json&versionId=1ecf568d-f933-4f0a-ba6f-02600f31f6af
5bfce2fcd7647da50f9bc62d851c2fcf,card,high,1,1,high,s3,example-benchmark-corpus,corpus/support/mail/msg-011.eml,us-west-2,2026-09-29T06:00:00+00:00,2026-09-29T06:00:00+00:00,none,scanner,https://us-west-2.console.aws.amazon.com/s3/object/example-benchmark-corpus?region=us-west-2&bucketType=general&prefix=corpus%2Fsupport%2Fmail%2Fmsg-011.eml&versionId=5a0290ff-8d3b-4e0b-a60d-d9a549f16683
5c4f23d9ed761fa38c586447ffec1e91,card,high,1,1,high,s3,example-benchmark-corpus,corpus/flow-logs/payments-016.jsonl,us-west-2,2026-09-29T06:00:00+00:00,2026-09-29T06:00:00+00:00,none,scanner,https://us-west-2.console.aws.amazon.com/s3/object/example-benchmark-corpus?region=us-west-2&bucketType=general&prefix=corpus%2Fflow-logs%2Fpayments-016.jsonl&versionId=0935702f-cbe3-4d31-82b3-4114f5027761
5ccc8670e8862d65e9f9d248a61f3bda,us_ssn,high,1,1,high,s3,example-benchmark-corpus,corpus/support/tickets-012.json,us-west-2,2026-09-29T06:00:00+00:00,2026-09-29T06:00:00+00:00,none,scanner,https://us-west-2.console.aws.amazon.com/s3/object/example-benchmark-corpus?region=us-west-2&bucketType=general&prefix=corpus%2Fsupport%2Ftickets-012.json&versionId=5b651cdb-bda7-45ed-aea8-d81e98f70531
5e03297eb4a46fa49b982440e6c21473,us_ssn,high,1,1,high,s3,example-benchmark-corpus,corpus/flow-logs/payments-004.jsonl,us-west-2,2026-09-29T06:00:00+00:00,2026-09-29T06:00:00+00:00,none,scanner,https://us-west-2.console.aws.amazon.com/s3/object/example-benchmark-corpus?region=us-west-2&bucketType=general&prefix=corpus%2Fflow-logs%2Fpayments-004.jsonl&versionId=a0be84a3-2db6-4797-9127-39bb22a5e20a
5efd41671617cfc9f22967feb93665ca,us_ssn,high,1,1,high,s3,example-benchmark-corpus,corpus/ChatTranscripts/2026/09/28/chat-035.json,us-west-2,2026-09-29T06:00:00+00:00,2026-09-29T06:00:00+00:00,none,scanner,https://us-west-2.console.aws.amazon.com/s3/object/example-benchmark-corpus?region=us-west-2&bucketType=general&prefix=corpus%2FChatTranscripts%2F2026%2F09%2F28%2Fchat-035.json&versionId=719941bf-0c35-4373-8f23-d3e026c29672
5f211a0e8a42e7528f7e3a571689882b,card,high,1,1,medium,s3,example-benchmark-corpus,corpus/Analysis/Voice/2026/09/28/call-032_analysis.json,us-west-2,2026-09-29T06:00:00+00:00,2026-09-29T06:00:00+00:00,none,scanner,https://us-west-2.console.aws.amazon.com/s3/object/example-benchmark-corpus?region=us-west-2&bucketType=general&prefix=corpus%2FAnalysis%2FVoice%2F2026%2F09%2F28%2Fcall-032_analysis.json&versionId=d075d57e-f36c-4cbc-ba69-8a9b262fcb6f
5f5c307c545d34fe797ad6b29e154085,us_itin,high,1,1,high,s3,example-benchmark-corpus,corpus/support/tickets-004.json,us-west-2,2026-09-29T06:00:00+00:00,2026-09-29T06:00:00+00:00,none,scanner,https://us-west-2.console.aws.amazon.com/s3/object/example-benchmark-corpus?region=us-west-2&bucketType=general&prefix=corpus%2Fsupport%2Ftickets-004.json&versionId=839e3806-d005-4f29-94b0-004f6d42f4f5
5f7ef2183c75d36f74928539cbd05b79,us_ssn,high,1,1,high,s3,example-benchmark-corpus,corpus/flow-logs/payments-009.jsonl,us-west-2,2026-09-29T06:00:00+00:00,2026-09-29T06:00:00+00:00,none,scanner,https://us-west-2.console.aws.amazon.com/s3/object/example-benchmark-corpus?region=us-west-2&bucketType=general&prefix=corpus%2Fflow-logs%2Fpayments-009.jsonl&versionId=79712ed2-0fb9-4a5b-a4eb-b6509736c4a7
6016be8ec6eb8529cf56dd5e2f72c91c,us_itin,high,1,1,high,s3,example-benchmark-corpus,corpus/ChatTranscripts/2026/09/28/chat-019.json,us-west-2,2026-09-29T06:00:00+00:00,2026-09-29T06:00:00+00:00,none,scanner,https://us-west-2.console.aws.amazon.com/s3/object/example-benchmark-corpus?region=us-west-2&bucketType=general&prefix=corpus%2FChatTranscripts%2F2026%2F09%2F28%2Fchat-019.json&versionId=5ecb2137-566b-4707-b437-820c3503d670
618a8c6d2e5b4b0162e77fc0424f6991,us_ssn,high,1,1,high,s3,example-benchmark-corpus,corpus/Analysis/Voice/2026/09/28/call-016_analysis.json,us-west-2,2026-09-29T06:00:00+00:00,2026-09-29T06:00:00+00:00,none,scanner,https://us-west-2.console.aws.amazon.com/s3/object/example-benchmark-corpus?region=us-west-2&bucketType=general&prefix=corpus%2FAnalysis%2FVoice%2F2026%2F09%2F28%2Fcall-016_analysis.json&versionId=4768c0c1-17d0-42b0-bbb7-00c341ad25a8
63f70e993a0d6da7762cb442ec320629,us_itin,high,1,1,high,s3,example-benchmark-corpus,corpus/ChatTranscripts/2026/09/28/chat-016.json,us-west-2,2026-09-29T06:00:00+00:00,2026-09-29T06:00:00+00:00,none,scanner,https://us-west-2.console.aws.amazon.com/s3/object/example-benchmark-corpus?region=us-west-2&bucketType=general&prefix=corpus%2FChatTranscripts%2F2026%2F09%2F28%2Fchat-016.json&versionId=5063af66-aad0-42b4-bed0-6336e70534b3
64153e1ad7c38ce054f4d5e2179a9197,cvv,high,1,1,high,s3,example-benchmark-corpus,corpus/lex/PaymentsBot-005.jsonl,us-west-2,2026-09-29T06:00:00+00:00,2026-09-29T06:00:00+00:00,none,scanner,https://us-west-2.console.aws.amazon.com/s3/object/example-benchmark-corpus?region=us-west-2&bucketType=general&prefix=corpus%2Flex%2FPaymentsBot-005.jsonl&versionId=ed3c842a-a8e4-482f-8b87-4ee07fb623e9
64d40dd647330b35a1887602c27e8eac,pin,high,1,1,high,s3,example-benchmark-corpus,corpus/flow-logs/payments-005.jsonl,us-west-2,2026-09-29T06:00:00+00:00,2026-09-29T06:00:00+00:00,none,scanner,https://us-west-2.console.aws.amazon.com/s3/object/example-benchmark-corpus?region=us-west-2&bucketType=general&prefix=corpus%2Fflow-logs%2Fpayments-005.jsonl&versionId=2c79d6dc-d050-41fa-aca1-64642bba4d10
655c435072ba1951e4bdb1a4370a6518,us_itin,high,1,1,high,s3,example-benchmark-corpus,corpus/support/tickets-010.json,us-west-2,2026-09-29T06:00:00+00:00,2026-09-29T06:00:00+00:00,none,scanner,https://us-west-2.console.aws.amazon.com/s3/object/example-benchmark-corpus?region=us-west-2&bucketType=general&prefix=corpus%2Fsupport%2Ftickets-010.json&versionId=e601cd38-792a-449c-a142-10278d6feeea
66ae82fcdc5b1baa021406e7f39b362e,us_ssn,high,1,1,high,s3,example-benchmark-corpus,corpus/lex/PaymentsBot-014.jsonl,us-west-2,2026-09-29T06:00:00+00:00,2026-09-29T06:00:00+00:00,none,scanner,https://us-west-2.console.aws.amazon.com/s3/object/example-benchmark-corpus?region=us-west-2&bucketType=general&prefix=corpus%2Flex%2FPaymentsBot-014.jsonl&versionId=0005f6c2-497c-40aa-a604-c030c088a628
670aeec0afd9af3447272081880380a7,card,high,1,1,high,s3,example-benchmark-corpus,corpus/flow-logs/payments-009.jsonl,us-west-2,2026-09-29T06:00:00+00:00,2026-09-29T06:00:00+00:00,none,scanner,https://us-west-2.console.aws.amazon.com/s3/object/example-benchmark-corpus?region=us-west-2&bucketType=general&prefix=corpus%2Fflow-logs%2Fpayments-009.jsonl&versionId=79712ed2-0fb9-4a5b-a4eb-b6509736c4a7
6761683db0233e4e1a5304f289f29638,card,high,1,1,high,s3,example-benchmark-corpus,corpus/lex/PaymentsBot-001.jsonl,us-west-2,2026-09-29T06:00:00+00:00,2026-09-29T06:00:00+00:00,none,scanner,https://us-west-2.console.aws.amazon.com/s3/object/example-benchmark-corpus?region=us-west-2&bucketType=general&prefix=corpus%2Flex%2FPaymentsBot-001.jsonl&versionId=cd9544e3-4227-4b26-bb08-0d32a911a9ef
68b1308ccdc8d90b0f3e57fcd78a15c0,cvv,high,1,1,high,s3,example-benchmark-corpus,corpus/lex/PaymentsBot-015.jsonl,us-west-2,2026-09-29T06:00:00+00:00,2026-09-29T06:00:00+00:00,none,scanner,https://us-west-2.console.aws.amazon.com/s3/object/example-benchmark-corpus?region=us-west-2&bucketType=general&prefix=corpus%2Flex%2FPaymentsBot-015.jsonl&versionId=4f41effe-a396-420a-bef5-1d0206e2a45c
68f224063ab5a79234057b1e978b74c3,us_ssn,high,1,1,high,s3,example-benchmark-corpus,corpus/ChatTranscripts/2026/09/28/chat-038.json,us-west-2,2026-09-29T06:00:00+00:00,2026-09-29T06:00:00+00:00,none,scanner,https://us-west-2.console.aws.amazon.com/s3/object/example-benchmark-corpus?region=us-west-2&bucketType=general&prefix=corpus%2FChatTranscripts%2F2026%2F09%2F28%2Fchat-038.json&versionId=ea9dc646-c9c9-493f-aaf4-c0dc715ab0e7
690d64f9a656a0582dc7cf1b496bfa7f,cvv,high,1,1,high,s3,example-benchmark-corpus,corpus/Analysis/Voice/2026/09/28/call-023_analysis.json,us-west-2,2026-09-29T06:00:00+00:00,2026-09-29T06:00:00+00:00,none,scanner,https://us-west-2.console.aws.amazon.com/s3/object/example-benchmark-corpus?region=us-west-2&bucketType=general&prefix=corpus%2FAnalysis%2FVoice%2F2026%2F09%2F28%2Fcall-023_analysis.json&versionId=6179f32c-21df-4f2a-b4df-9499e9f1b007
6ad891a2e414aa18c4b8e31d07e8beff,us_itin,high,1,1,high,s3,example-benchmark-corpus,corpus/ChatTranscripts/2026/09/28/chat-007.json,us-west-2,2026-09-29T06:00:00+00:00,2026-09-29T06:00:00+00:00,none,scanner,https://us-west-2.console.aws.amazon.com/s3/object/example-benchmark-corpus?region=us-west-2&bucketType=general&prefix=corpus%2FChatTranscripts%2F2026%2F09%2F28%2Fchat-007.json&versionId=2a65b687-0bd1-4530-a854-34bf1766ea97
6ade676aec6c0169f31e5feacdd8cf85,us_itin,high,1,1,high,s3,example-benchmark-corpus,corpus/support/mail/msg-006.eml,us-west-2,2026-09-29T06:00:00+00:00,2026-09-29T06:00:00+00:00,none,scanner,https://us-west-2.console.aws.amazon.com/s3/object/example-benchmark-corpus?region=us-west-2&bucketType=general&prefix=corpus%2Fsupport%2Fmail%2Fmsg-006.eml&versionId=ed732873-341b-45b9-8edc-c99e162052dc
6d1e777e4ef8325e4d323a46e7fa479e,us_ssn,high,1,1,high,s3,example-benchmark-corpus,corpus/Analysis/Voice/2026/09/28/call-012_analysis.json,us-west-2,2026-09-29T06:00:00+00:00,2026-09-29T06:00:00+00:00,none,scanner,https://us-west-2.console.aws.amazon.com/s3/object/example-benchmark-corpus?region=us-west-2&bucketType=general&prefix=corpus%2FAnalysis%2FVoice%2F2026%2F09%2F28%2Fcall-012_analysis.json&versionId=11d54931-ad19-402e-ba74-79b5ff894636
6e3c9417f58851e046ed263a0d257727,us_ssn,high,1,1,high,s3,example-benchmark-corpus,corpus/support/tickets-002.json,us-west-2,2026-09-29T06:00:00+00:00,2026-09-29T06:00:00+00:00,none,scanner,https://us-west-2.console.aws.amazon.com/s3/object/example-benchmark-corpus?region=us-west-2&bucketType=general&prefix=corpus%2Fsupport%2Ftickets-002.json&versionId=ae6e0733-4ccd-41a2-81ea-6055f463825d
6e93013ce61822a6afaad04ad2788a22,us_ssn,high,1,1,high,s3,example-benchmark-corpus,corpus/Analysis/Voice/2026/09/28/call-025_analysis.json,us-west-2,2026-09-29T06:00:00+00:00,2026-09-29T06:00:00+00:00,none,scanner,https://us-west-2.console.aws.amazon.com/s3/object/example-benchmark-corpus?region=us-west-2&bucketType=general&prefix=corpus%2FAnalysis%2FVoice%2F2026%2F09%2F28%2Fcall-025_analysis.json&versionId=c50439d7-efcb-4eff-9dc5-808d1c1f6653
6f34313ab529474e967816418315cf42,cvv,high,1,1,high,s3,example-benchmark-corpus,corpus/Analysis/Voice/2026/09/28/call-032_analysis.json,us-west-2,2026-09-29T06:00:00+00:00,2026-09-29T06:00:00+00:00,none,scanner,https://us-west-2.console.aws.amazon.com/s3/object/example-benchmark-corpus?region=us-west-2&bucketType=general&prefix=corpus%2FAnalysis%2FVoice%2F2026%2F09%2F28%2Fcall-032_analysis.json&versionId=d075d57e-f36c-4cbc-ba69-8a9b262fcb6f
700da3543ea59abd44a5c9d572143ebc,card,high,1,1,high,s3,example-benchmark-corpus,corpus/support/tickets-006.json,us-west-2,2026-09-29T06:00:00+00:00,2026-09-29T06:00:00+00:00,none,scanner,https://us-west-2.console.aws.amazon.com/s3/object/example-benchmark-corpus?region=us-west-2&bucketType=general&prefix=corpus%2Fsupport%2Ftickets-006.json&versionId=d56a4947-5479-4486-9cbc-f96221a392a8
704cdd36236dc1d6bac8bb3b376467de,card,high,1,1,high,s3,example-benchmark-corpus,corpus/statements/card-017.txt,us-west-2,2026-09-29T06:00:00+00:00,2026-09-29T06:00:00+00:00,none,scanner,https://us-west-2.console.aws.amazon.com/s3/object/example-benchmark-corpus?region=us-west-2&bucketType=general&prefix=corpus%2Fstatements%2Fcard-017.txt&versionId=18c338cb-983a-4d0e-9f3b-13dfbd838b9e
704e4cd95cd5b1900ed32284c59ee857,card,high,1,1,high,s3,example-benchmark-corpus,corpus/statements/card-018.txt,us-west-2,2026-09-29T06:00:00+00:00,2026-09-29T06:00:00+00:00,none,scanner,https://us-west-2.console.aws.amazon.com/s3/object/example-benchmark-corpus?region=us-west-2&bucketType=general&prefix=corpus%2Fstatements%2Fcard-018.txt&versionId=8eab7087-2a0f-4fbf-b864-bd12440fabcd
729bf8672783bc9253f1523a24fa8317,pin,high,1,1,high,s3,example-benchmark-corpus,corpus/lex/PaymentsBot-008.jsonl,us-west-2,2026-09-29T06:00:00+00:00,2026-09-29T06:00:00+00:00,none,scanner,https://us-west-2.console.aws.amazon.com/s3/object/example-benchmark-corpus?region=us-west-2&bucketType=general&prefix=corpus%2Flex%2FPaymentsBot-008.jsonl&versionId=d4840ef6-0367-4678-957f-3d6bc4fba5fa
762e33cb5697c030f0cfa722f9fb1c84,pin,high,1,1,high,s3,example-benchmark-corpus,corpus/flow-logs/payments-009.jsonl,us-west-2,2026-09-29T06:00:00+00:00,2026-09-29T06:00:00+00:00,none,scanner,https://us-west-2.console.aws.amazon.com/s3/object/example-benchmark-corpus?region=us-west-2&bucketType=general&prefix=corpus%2Fflow-logs%2Fpayments-009.jsonl&versionId=79712ed2-0fb9-4a5b-a4eb-b6509736c4a7
7799a59e788ba45447c0f9fd725dd160,pin,high,1,1,high,s3,example-benchmark-corpus,corpus/flow-logs/payments-002.jsonl,us-west-2,2026-09-29T06:00:00+00:00,2026-09-29T06:00:00+00:00,none,scanner,https://us-west-2.console.aws.amazon.com/s3/object/example-benchmark-corpus?region=us-west-2&bucketType=general&prefix=corpus%2Fflow-logs%2Fpayments-002.jsonl&versionId=c4cda403-6eba-434a-aa9c-bdc2b778e6a8
788399b51168f127fb52a4c75a364378,card,high,1,1,high,s3,example-benchmark-corpus,corpus/flow-logs/payments-004.jsonl,us-west-2,2026-09-29T06:00:00+00:00,2026-09-29T06:00:00+00:00,none,scanner,https://us-west-2.console.aws.amazon.com/s3/object/example-benchmark-corpus?region=us-west-2&bucketType=general&prefix=corpus%2Fflow-logs%2Fpayments-004.jsonl&versionId=a0be84a3-2db6-4797-9127-39bb22a5e20a
78c6da2320ca16079b9a9c6b8c88a119,us_ssn,high,1,1,high,s3,example-benchmark-corpus,corpus/support/tickets-004.json,us-west-2,2026-09-29T06:00:00+00:00,2026-09-29T06:00:00+00:00,none,scanner,https://us-west-2.console.aws.amazon.com/s3/object/example-benchmark-corpus?region=us-west-2&bucketType=general&prefix=corpus%2Fsupport%2Ftickets-004.json&versionId=839e3806-d005-4f29-94b0-004f6d42f4f5
7936ce09de42b3bce4063c0ffb6aba97,us_itin,high,1,1,high,s3,example-benchmark-corpus,corpus/support/tickets-012.json,us-west-2,2026-09-29T06:00:00+00:00,2026-09-29T06:00:00+00:00,none,scanner,https://us-west-2.console.aws.amazon.com/s3/object/example-benchmark-corpus?region=us-west-2&bucketType=general&prefix=corpus%2Fsupport%2Ftickets-012.json&versionId=5b651cdb-bda7-45ed-aea8-d81e98f70531
7c5d03dc06a5e52cf55e81e2126b1c05,pin,high,1,1,high,s3,example-benchmark-corpus,corpus/lex/PaymentsBot-001.jsonl,us-west-2,2026-09-29T06:00:00+00:00,2026-09-29T06:00:00+00:00,none,scanner,https://us-west-2.console.aws.amazon.com/s3/object/example-benchmark-corpus?region=us-west-2&bucketType=general&prefix=corpus%2Flex%2FPaymentsBot-001.jsonl&versionId=cd9544e3-4227-4b26-bb08-0d32a911a9ef
7d857f9672f85d5a65e6e1d4f27ecd14,us_ssn,high,1,1,high,s3,example-benchmark-corpus,corpus/support/tickets-005.json,us-west-2,2026-09-29T06:00:00+00:00,2026-09-29T06:00:00+00:00,none,scanner,https://us-west-2.console.aws.amazon.com/s3/object/example-benchmark-corpus?region=us-west-2&bucketType=general&prefix=corpus%2Fsupport%2Ftickets-005.json&versionId=2728a585-0467-487d-b18e-0e5d0fa79864
7dfc8a18ad85eb111e510e5cc0b430d5,card,high,1,1,high,s3,example-benchmark-corpus,corpus/support/mail/msg-008.eml,us-west-2,2026-09-29T06:00:00+00:00,2026-09-29T06:00:00+00:00,none,scanner,https://us-west-2.console.aws.amazon.com/s3/object/example-benchmark-corpus?region=us-west-2&bucketType=general&prefix=corpus%2Fsupport%2Fmail%2Fmsg-008.eml&versionId=f80483e2-d941-42bf-a6a4-95afa83d9ebe
800c4814480fd6aa7295e797b76cf5de,cvv,high,1,1,high,s3,example-benchmark-corpus,corpus/Analysis/Voice/2026/09/28/call-009_analysis.json,us-west-2,2026-09-29T06:00:00+00:00,2026-09-29T06:00:00+00:00,none,scanner,https://us-west-2.console.aws.amazon.com/s3/object/example-benchmark-corpus?region=us-west-2&bucketType=general&prefix=corpus%2FAnalysis%2FVoice%2F2026%2F09%2F28%2Fcall-009_analysis.json&versionId=ff3b0586-11c2-4485-9e21-560cb42af542
80c45367eab7de65bdce6b135e1958ec,card,high,1,1,low,s3,example-benchmark-corpus,corpus/Analysis/Voice/2026/09/28/call-038_analysis.json,us-west-2,2026-09-29T06:00:00+00:00,2026-09-29T06:00:00+00:00,none,scanner,https://us-west-2.console.aws.amazon.com/s3/object/example-benchmark-corpus?region=us-west-2&bucketType=general&prefix=corpus%2FAnalysis%2FVoice%2F2026%2F09%2F28%2Fcall-038_analysis.json&versionId=d41df331-9926-4c95-805b-4b3b66737402
83186d7ec6ba11d9bfd07d4e1643c6bf,us_ssn,high,1,1,high,s3,example-benchmark-corpus,corpus/support/mail/msg-009.eml,us-west-2,2026-09-29T06:00:00+00:00,2026-09-29T06:00:00+00:00,none,scanner,https://us-west-2.console.aws.amazon.com/s3/object/example-benchmark-corpus?region=us-west-2&bucketType=general&prefix=corpus%2Fsupport%2Fmail%2Fmsg-009.eml&versionId=fe6312d1-17e5-44f8-ad13-b99d166a4dc3
854460806bd62d09cf2b2b8d58caf50f,cvv,high,1,1,high,s3,example-benchmark-corpus,corpus/Analysis/Voice/2026/09/28/call-035_analysis.json,us-west-2,2026-09-29T06:00:00+00:00,2026-09-29T06:00:00+00:00,none,scanner,https://us-west-2.console.aws.amazon.com/s3/object/example-benchmark-corpus?region=us-west-2&bucketType=general&prefix=corpus%2FAnalysis%2FVoice%2F2026%2F09%2F28%2Fcall-035_analysis.json&versionId=8eeccdb1-302e-4a94-a4ae-93bc4e39a19f
85c5dd226333a6c53840edd31f87602a,us_ssn,high,1,1,high,s3,example-benchmark-corpus,corpus/ChatTranscripts/2026/09/28/chat-019.json,us-west-2,2026-09-29T06:00:00+00:00,2026-09-29T06:00:00+00:00,none,scanner,https://us-west-2.console.aws.amazon.com/s3/object/example-benchmark-corpus?region=us-west-2&bucketType=general&prefix=corpus%2FChatTranscripts%2F2026%2F09%2F28%2Fchat-019.json&versionId=5ecb2137-566b-4707-b437-820c3503d670
873cb231a6230eecc625167abf9c2b68,pin,high,1,1,high,s3,example-benchmark-corpus,corpus/lex/PaymentsBot-007.jsonl,us-west-2,2026-09-29T06:00:00+00:00,2026-09-29T06:00:00+00:00,none,scanner,https://us-west-2.console.aws.amazon.com/s3/object/example-benchmark-corpus?region=us-west-2&bucketType=general&prefix=corpus%2Flex%2FPaymentsBot-007.jsonl&versionId=22130612-01b0-43b3-81d3-e15806db248f
8815c397c24a2a1aaa8660c074c0465d,pin,high,1,1,high,s3,example-benchmark-corpus,corpus/lex/PaymentsBot-011.jsonl,us-west-2,2026-09-29T06:00:00+00:00,2026-09-29T06:00:00+00:00,none,scanner,https://us-west-2.console.aws.amazon.com/s3/object/example-benchmark-corpus?region=us-west-2&bucketType=general&prefix=corpus%2Flex%2FPaymentsBot-011.jsonl&versionId=42360c26-d74d-447a-ac54-c84561e4177e
89c163a2c2f443309c66fa0ab67b035f,card,high,1,1,high,s3,example-benchmark-corpus,corpus/support/mail/msg-013.eml,us-west-2,2026-09-29T06:00:00+00:00,2026-09-29T06:00:00+00:00,none,scanner,https://us-west-2.console.aws.amazon.com/s3/object/example-benchmark-corpus?region=us-west-2&bucketType=general&prefix=corpus%2Fsupport%2Fmail%2Fmsg-013.eml&versionId=5f833e14-3941-4726-8db5-c8a040153e1a
8a93e8ce9030b97b9a580fc89b59b3e4,us_itin,high,1,1,high,s3,example-benchmark-corpus,corpus/support/tickets-019.json,us-west-2,2026-09-29T06:00:00+00:00,2026-09-29T06:00:00+00:00,none,scanner,https://us-west-2.console.aws.amazon.com/s3/object/example-benchmark-corpus?region=us-west-2&bucketType=general&prefix=corpus%2Fsupport%2Ftickets-019.json&versionId=64dbfcbb-e07f-43ce-8b43-a1532e9095d4
8b1fe408fcdcf6ddd227cf8088788f9c,card,high,1,1,high,s3,example-benchmark-corpus,corpus/flow-logs/payments-015.jsonl,us-west-2,2026-09-29T06:00:00+00:00,2026-09-29T06:00:00+00:00,none,scanner,https://us-west-2.console.aws.amazon.com/s3/object/example-benchmark-corpus?region=us-west-2&bucketType=general&prefix=corpus%2Fflow-logs%2Fpayments-015.jsonl&versionId=fbea787a-2b4d-43b9-8f59-3e24d517a1b1
8ebbbaf51926295a54755f077b704343,us_ssn,high,1,1,high,s3,example-benchmark-corpus,corpus/docs/hr/offer-000.docx,us-west-2,2026-09-29T06:00:00+00:00,2026-09-29T06:00:00+00:00,none,scanner,https://us-west-2.console.aws.amazon.com/s3/object/example-benchmark-corpus?region=us-west-2&bucketType=general&prefix=corpus%2Fdocs%2Fhr%2Foffer-000.docx&versionId=f2856637-bd1e-42cd-bc7f-a91cd7d9b910
8f2d51638ef44825fc5e0fb4391ad5e5,card,high,1,1,medium,s3,example-benchmark-corpus,corpus/ChatTranscripts/2026/09/28/chat-005.json,us-west-2,2026-09-29T06:00:00+00:00,2026-09-29T06:00:00+00:00,none,scanner,https://us-west-2.console.aws.amazon.com/s3/object/example-benchmark-corpus?region=us-west-2&bucketType=general&prefix=corpus%2FChatTranscripts%2F2026%2F09%2F28%2Fchat-005.json&versionId=71c4ae3c-67f7-470b-a83b-a4bf681253bd
8fa9a14e6262c38114edd148a3e52c0f,us_itin,high,1,1,high,s3,example-benchmark-corpus,corpus/support/tickets-007.json,us-west-2,2026-09-29T06:00:00+00:00,2026-09-29T06:00:00+00:00,none,scanner,https://us-west-2.console.aws.amazon.com/s3/object/example-benchmark-corpus?region=us-west-2&bucketType=general&prefix=corpus%2Fsupport%2Ftickets-007.json&versionId=cc0c3206-248a-45dc-91db-2f207827e51f
92001ad4488abe1009e34c7e92fdd490,us_ssn,high,1,1,high,s3,example-benchmark-corpus,corpus/flow-logs/payments-000.jsonl,us-west-2,2026-09-29T06:00:00+00:00,2026-09-29T06:00:00+00:00,none,scanner,https://us-west-2.console.aws.amazon.com/s3/object/example-benchmark-corpus?region=us-west-2&bucketType=general&prefix=corpus%2Fflow-logs%2Fpayments-000.jsonl&versionId=1bf0ba63-56b2-4856-8dd2-c85a50587d19
93391a5148892d4e847fffd71cfa16d2,pin,high,1,1,high,s3,example-benchmark-corpus,corpus/lex/PaymentsBot-002.jsonl,us-west-2,2026-09-29T06:00:00+00:00,2026-09-29T06:00:00+00:00,none,scanner,https://us-west-2.console.aws.amazon.com/s3/object/example-benchmark-corpus?region=us-west-2&bucketType=general&prefix=corpus%2Flex%2FPaymentsBot-002.jsonl&versionId=c0a93712-fe95-4e81-ba5b-16b45ad02a28
953a2cf6660bb814e8cf6310cf64511f,card,high,1,1,high,s3,example-benchmark-corpus,corpus/support/mail/msg-019.eml,us-west-2,2026-09-29T06:00:00+00:00,2026-09-29T06:00:00+00:00,none,scanner,https://us-west-2.console.aws.amazon.com/s3/object/example-benchmark-corpus?region=us-west-2&bucketType=general&prefix=corpus%2Fsupport%2Fmail%2Fmsg-019.eml&versionId=3b7d7b3b-66a7-4224-ba23-74721732a899
956f6d0841f6799d4a4dec379fe0d691,cvv,high,1,1,high,s3,example-benchmark-corpus,corpus/Analysis/Voice/2026/09/28/call-030_analysis.json,us-west-2,2026-09-29T06:00:00+00:00,2026-09-29T06:00:00+00:00,none,scanner,https://us-west-2.console.aws.amazon.com/s3/object/example-benchmark-corpus?region=us-west-2&bucketType=general&prefix=corpus%2FAnalysis%2FVoice%2F2026%2F09%2F28%2Fcall-030_analysis.json&versionId=0f70d2b1-27d8-45fa-9411-ec0a533a5435
95f4aa98dce8a19d5c1528ef9c5c6c70,pin,high,1,1,high,s3,example-benchmark-corpus,corpus/flow-logs/payments-011.jsonl,us-west-2,2026-09-29T06:00:00+00:00,2026-09-29T06:00:00+00:00,none,scanner,https://us-west-2.console.aws.amazon.com/s3/object/example-benchmark-corpus?region=us-west-2&bucketType=general&prefix=corpus%2Fflow-logs%2Fpayments-011.jsonl&versionId=66172b1e-b251-4257-8e23-6ffc12cc10f4
967adf575b432dc3533b567b8a98edc7,card,high,1,1,high,s3,example-benchmark-corpus,corpus/lex/PaymentsBot-013.jsonl,us-west-2,2026-09-29T06:00:00+00:00,2026-09-29T06:00:00+00:00,none,scanner,https://us-west-2.console.aws.amazon.com/s3/object/example-benchmark-corpus?region=us-west-2&bucketType=general&prefix=corpus%2Flex%2FPaymentsBot-013.jsonl&versionId=ef8bafbd-ceb2-43e8-a348-a1883c9b9ff6
96ce813db9c1cfbe4df75b46032e237f,us_ssn,high,1,1,high,s3,example-benchmark-corpus,corpus/support/tickets-016.json,us-west-2,2026-09-29T06:00:00+00:00,2026-09-29T06:00:00+00:00,none,scanner,https://us-west-2.console.aws.amazon.com/s3/object/example-benchmark-corpus?region=us-west-2&bucketType=general&prefix=corpus%2Fsupport%2Ftickets-016.json&versionId=371c9fe1-4ee4-4d30-9b91-c6ad4c7bc52a
997556db79009adfeec0864a2520fbaf,card,high,1,1,high,s3,example-benchmark-corpus,corpus/flow-logs/payments-014.jsonl,us-west-2,2026-09-29T06:00:00+00:00,2026-09-29T06:00:00+00:00,none,scanner,https://us-west-2.console.aws.amazon.com/s3/object/example-benchmark-corpus?region=us-west-2&bucketType=general&prefix=corpus%2Fflow-logs%2Fpayments-014.jsonl&versionId=3c33204d-f044-438b-ad60-1bceab441949
9a1da7f7cc6bc6ce50b115ce0e3222d3,card,high,1,1,medium,s3,example-benchmark-corpus,corpus/negatives/luhn_non_card-01.txt,us-west-2,2026-09-29T06:00:00+00:00,2026-09-29T06:00:00+00:00,none,scanner,https://us-west-2.console.aws.amazon.com/s3/object/example-benchmark-corpus?region=us-west-2&bucketType=general&prefix=corpus%2Fnegatives%2Fluhn_non_card-01.txt&versionId=f2a25044-3a05-460e-97e5-7e9254257998
9a29c197250c9cab85fe789ecfea14f5,card,high,1,1,high,s3,example-benchmark-corpus,corpus/flow-logs/payments-013.jsonl,us-west-2,2026-09-29T06:00:00+00:00,2026-09-29T06:00:00+00:00,none,scanner,https://us-west-2.console.aws.amazon.com/s3/object/example-benchmark-corpus?region=us-west-2&bucketType=general&prefix=corpus%2Fflow-logs%2Fpayments-013.jsonl&versionId=22cb1f61-b002-4a91-8539-32e392b055d8
9a36ba69edabdebdaa3837115a6ac2b3,card,high,1,1,high,s3,example-benchmark-corpus,corpus/support/mail/msg-000.eml,us-west-2,2026-09-29T06:00:00+00:00,2026-09-29T06:00:00+00:00,none,scanner,https://us-west-2.console.aws.amazon.com/s3/object/example-benchmark-corpus?region=us-west-2&bucketType=general&prefix=corpus%2Fsupport%2Fmail%2Fmsg-000.eml&versionId=d228fea1-81f6-4006-a281-a05dbc765c75
9b1f45abb83ca6e88e45bb8721b152d2,us_itin,high,1,1,high,s3,example-benchmark-corpus,corpus/lex/PaymentsBot-000.jsonl,us-west-2,2026-09-29T06:00:00+00:00,2026-09-29T06:00:00+00:00,none,scanner,https://us-west-2.console.aws.amazon.com/s3/object/example-benchmark-corpus?region=us-west-2&bucketType=general&prefix=corpus%2Flex%2FPaymentsBot-000.jsonl&versionId=16401f88-9faf-47f8-bfdd-9859cdb782a1
9c1ceebbd006c7127b3f32b396d230de,us_ssn,high,1,1,high,s3,example-benchmark-corpus,corpus/ChatTranscripts/2026/09/28/chat-001.json,us-west-2,2026-09-29T06:00:00+00:00,2026-09-29T06:00:00+00:00,none,scanner,https://us-west-2.console.aws.amazon.com/s3/object/example-benchmark-corpus?region=us-west-2&bucketType=general&prefix=corpus%2FChatTranscripts%2F2026%2F09%2F28%2Fchat-001.json&versionId=e7463d58-ecd4-40b2-83a7-8135c15b1c24
9da13512c90c71c8699d72ae741ca4ff,card,high,1,2,medium,s3,example-benchmark-corpus,corpus/Analysis/Voice/2026/09/28/call-034_analysis.json,us-west-2,2026-09-29T06:00:00+00:00,2026-09-29T06:00:00+00:00,none,scanner,https://us-west-2.console.aws.amazon.com/s3/object/example-benchmark-corpus?region=us-west-2&bucketType=general&prefix=corpus%2FAnalysis%2FVoice%2F2026%2F09%2F28%2Fcall-034_analysis.json&versionId=1ef128d4-1974-4531-80a9-7b43dabfce38
9eb26e2e66c9bb111326616c8c2c3bdc,us_ssn,high,1,1,high,s3,example-benchmark-corpus,corpus/flow-logs/payments-010.jsonl,us-west-2,2026-09-29T06:00:00+00:00,2026-09-29T06:00:00+00:00,none,scanner,https://us-west-2.console.aws.amazon.com/s3/object/example-benchmark-corpus?region=us-west-2&bucketType=general&prefix=corpus%2Fflow-logs%2Fpayments-010.jsonl&versionId=6e325710-871a-4b59-8925-d0eb9abc13d1
9f744dbcde9543910f4e5b034098eb4c,card,high,1,1,high,s3,example-benchmark-corpus,corpus/flow-logs/payments-011.jsonl,us-west-2,2026-09-29T06:00:00+00:00,2026-09-29T06:00:00+00:00,none,scanner,https://us-west-2.console.aws.amazon.com/s3/object/example-benchmark-corpus?region=us-west-2&bucketType=general&prefix=corpus%2Fflow-logs%2Fpayments-011.jsonl&versionId=66172b1e-b251-4257-8e23-6ffc12cc10f4
9ffbe9e0955d2672495c3f8a975f682e,us_ssn,high,1,1,high,s3,example-benchmark-corpus,corpus/docs/hr/offer-005.docx,us-west-2,2026-09-29T06:00:00+00:00,2026-09-29T06:00:00+00:00,none,scanner,https://us-west-2.console.aws.amazon.com/s3/object/example-benchmark-corpus?region=us-west-2&bucketType=general&prefix=corpus%2Fdocs%2Fhr%2Foffer-005.docx&versionId=59ec53d0-6887-489f-884f-77b813e45c6f
a0525298a9b229d73a460a9106f60f8c,card,high,1,1,low,s3,example-benchmark-corpus,corpus/Analysis/Voice/2026/09/28/call-015_analysis.json,us-west-2,2026-09-29T06:00:00+00:00,2026-09-29T06:00:00+00:00,none,scanner,https://us-west-2.console.aws.amazon.com/s3/object/example-benchmark-corpus?region=us-west-2&bucketType=general&prefix=corpus%2FAnalysis%2FVoice%2F2026%2F09%2F28%2Fcall-015_analysis.json&versionId=155c6b07-a30c-47ef-97b5-a9c543502a49
a0eac7224193573ec7954b71bcb30a56,card,high,1,1,high,s3,example-benchmark-corpus,corpus/statements/checking-002.txt,us-west-2,2026-09-29T06:00:00+00:00,2026-09-29T06:00:00+00:00,none,scanner,https://us-west-2.console.aws.amazon.com/s3/object/example-benchmark-corpus?region=us-west-2&bucketType=general&prefix=corpus%2Fstatements%2Fchecking-002.txt&versionId=4d8f14b8-1681-49b8-9a95-56c4ddcf9424
a0f5645c7fbe93ed331bbaadaa5fceb2,us_ssn,high,1,1,high,s3,example-benchmark-corpus,corpus/flow-logs/payments-018.jsonl,us-west-2,2026-09-29T06:00:00+00:00,2026-09-29T06:00:00+00:00,none,scanner,https://us-west-2.console.aws.amazon.com/s3/object/example-benchmark-corpus?region=us-west-2&bucketType=general&prefix=corpus%2Fflow-logs%2Fpayments-018.jsonl&versionId=58289fc5-17d7-4480-acc5-e16edfab3b22
a1a8f9cd30a2b2b589d177b8c6d5ea77,us_itin,high,1,1,high,s3,example-benchmark-corpus,corpus/support/tickets-015.json,us-west-2,2026-09-29T06:00:00+00:00,2026-09-29T06:00:00+00:00,none,scanner,https://us-west-2.console.aws.amazon.com/s3/object/example-benchmark-corpus?region=us-west-2&bucketType=general&prefix=corpus%2Fsupport%2Ftickets-015.json&versionId=9a13aa2a-7a2d-4ab5-a790-2fe7189bf7ad
a2079905c6604c7979d1e9f7e7658a28,cvv,high,1,1,high,s3,example-benchmark-corpus,corpus/flow-logs/payments-019.jsonl,us-west-2,2026-09-29T06:00:00+00:00,2026-09-29T06:00:00+00:00,none,scanner,https://us-west-2.console.aws.amazon.com/s3/object/example-benchmark-corpus?region=us-west-2&bucketType=general&prefix=corpus%2Fflow-logs%2Fpayments-019.jsonl&versionId=02823515-10e2-4092-bb9b-1e5bea5fd311
a310c6ac151349954d1bfa9f63464530,card,high,1,1,high,s3,example-benchmark-corpus,corpus/ChatTranscripts/2026/09/28/chat-021.json,us-west-2,2026-09-29T06:00:00+00:00,2026-09-29T06:00:00+00:00,none,scanner,https://us-west-2.console.aws.amazon.com/s3/object/example-benchmark-corpus?region=us-west-2&bucketType=general&prefix=corpus%2FChatTranscripts%2F2026%2F09%2F28%2Fchat-021.json&versionId=7c443fb4-08ba-4e11-892d-e204edc417b3
a3571c750a904eba827b7598f35bbf27,card,high,1,1,high,s3,example-benchmark-corpus,corpus/support/mail/msg-004.eml,us-west-2,2026-09-29T06:00:00+00:00,2026-09-29T06:00:00+00:00,none,scanner,https://us-west-2.console.aws.amazon.com/s3/object/example-benchmark-corpus?region=us-west-2&bucketType=general&prefix=corpus%2Fsupport%2Fmail%2Fmsg-004.eml&versionId=da27f3b5-b0a2-43da-ac6d-2899968e05ac
a63f73865520c4c2125d84762e3d3850,us_itin,high,1,1,high,s3,example-benchmark-corpus,corpus/ChatTranscripts/2026/09/28/chat-024.json,us-west-2,2026-09-29T06:00:00+00:00,2026-09-29T06:00:00+00:00,none,scanner,https://us-west-2.console.aws.amazon.com/s3/object/example-benchmark-corpus?region=us-west-2&bucketType=general&prefix=corpus%2FChatTranscripts%2F2026%2F09%2F28%2Fchat-024.json&versionId=6f24eb0f-0375-4c66-b115-7c925226a490
a764402e5e10bea28b3623b8e10fa0a9,card,high,1,1,high,s3,example-benchmark-corpus,corpus/statements/card-016.txt,us-west-2,2026-09-29T06:00:00+00:00,2026-09-29T06:00:00+00:00,none,scanner,https://us-west-2.console.aws.amazon.com/s3/object/example-benchmark-corpus?region=us-west-2&bucketType=general&prefix=corpus%2Fstatements%2Fcard-016.txt&versionId=42d0703c-deb0-49fb-8cba-d7b621dc0787
a927aee95ea3d6e2c2dd4ba8315f2507,card,high,1,1,high,s3,example-benchmark-corpus,corpus/docs/training/payments-005.pptx,us-west-2,2026-09-29T06:00:00+00:00,2026-09-29T06:00:00+00:00,none,scanner,https://us-west-2.console.aws.amazon.com/s3/object/example-benchmark-corpus?region=us-west-2&bucketType=general&prefix=corpus%2Fdocs%2Ftraining%2Fpayments-005.pptx&versionId=f5d89b6f-b91a-460a-a5f1-257089cd2247
a9e22e70575a5d55890ac4230dbfd494,us_itin,high,1,1,high,s3,example-benchmark-corpus,corpus/ChatTranscripts/2026/09/28/chat-027.json,us-west-2,2026-09-29T06:00:00+00:00,2026-09-29T06:00:00+00:00,none,scanner,https://us-west-2.console.aws.amazon.com/s3/object/example-benchmark-corpus?region=us-west-2&bucketType=general&prefix=corpus%2FChatTranscripts%2F2026%2F09%2F28%2Fchat-027.json&versionId=58cdc0dd-f8b1-4564-9bfc-7502b776b9cc
ab5a2d4c6b2b968c8bbcd28078767c66,us_itin,high,1,1,high,s3,example-benchmark-corpus,corpus/support/tickets-005.json,us-west-2,2026-09-29T06:00:00+00:00,2026-09-29T06:00:00+00:00,none,scanner,https://us-west-2.console.aws.amazon.com/s3/object/example-benchmark-corpus?region=us-west-2&bucketType=general&prefix=corpus%2Fsupport%2Ftickets-005.json&versionId=2728a585-0467-487d-b18e-0e5d0fa79864
ab7a71c67b153ff10427be8b84c36bfb,pin,high,1,1,high,s3,example-benchmark-corpus,corpus/flow-logs/payments-015.jsonl,us-west-2,2026-09-29T06:00:00+00:00,2026-09-29T06:00:00+00:00,none,scanner,https://us-west-2.console.aws.amazon.com/s3/object/example-benchmark-corpus?region=us-west-2&bucketType=general&prefix=corpus%2Fflow-logs%2Fpayments-015.jsonl&versionId=fbea787a-2b4d-43b9-8f59-3e24d517a1b1
abbe6a9d91d181e63e3d16ecf6659f87,card,high,1,1,medium,s3,example-benchmark-corpus,corpus/ChatTranscripts/2026/09/28/chat-011.json,us-west-2,2026-09-29T06:00:00+00:00,2026-09-29T06:00:00+00:00,none,scanner,https://us-west-2.console.aws.amazon.com/s3/object/example-benchmark-corpus?region=us-west-2&bucketType=general&prefix=corpus%2FChatTranscripts%2F2026%2F09%2F28%2Fchat-011.json&versionId=687a38ef-583b-4dfe-927c-708d25b22dcd
b085945477e5daaebb02e4c92504ffbc,card,high,1,1,high,s3,example-benchmark-corpus,corpus/statements/pdf/card-007.pdf,us-west-2,2026-09-29T06:00:00+00:00,2026-09-29T06:00:00+00:00,none,scanner,https://us-west-2.console.aws.amazon.com/s3/object/example-benchmark-corpus?region=us-west-2&bucketType=general&prefix=corpus%2Fstatements%2Fpdf%2Fcard-007.pdf&versionId=7f0834ee-6340-4bc3-99df-558a332c42fa
b0aef6d0ca4203b2538dc8b7ffc6b8fd,pin,high,1,1,high,s3,example-benchmark-corpus,corpus/lex/PaymentsBot-016.jsonl,us-west-2,2026-09-29T06:00:00+00:00,2026-09-29T06:00:00+00:00,none,scanner,https://us-west-2.console.aws.amazon.com/s3/object/example-benchmark-corpus?region=us-west-2&bucketType=general&prefix=corpus%2Flex%2FPaymentsBot-016.jsonl&versionId=cdc7a6b5-b962-4c1e-a7e1-1923a382c7aa
b1350e6dac17f73252b297bbb2dfa158,cvv,high,1,1,high,s3,example-benchmark-corpus,corpus/flow-logs/payments-006.jsonl,us-west-2,2026-09-29T06:00:00+00:00,2026-09-29T06:00:00+00:00,none,scanner,https://us-west-2.console.aws.amazon.com/s3/object/example-benchmark-corpus?region=us-west-2&bucketType=general&prefix=corpus%2Fflow-logs%2Fpayments-006.jsonl&versionId=369bcaee-cafe-49dc-81e6-cc1dc7ce6898
b19e49d7127768e48f0339a74c80942a,card,high,1,1,high,s3,example-benchmark-corpus,corpus/docs/training/payments-000.pptx,us-west-2,2026-09-29T06:00:00+00:00,2026-09-29T06:00:00+00:00,none,scanner,https://us-west-2.console.aws.amazon.com/s3/object/example-benchmark-corpus?region=us-west-2&bucketType=general&prefix=corpus%2Fdocs%2Ftraining%2Fpayments-000.pptx&versionId=d33b24f1-fc24-4e25-9f28-37ff17466054
b1fa3f3032ef895556def4d9a448f31d,card,high,1,1,high,s3,example-benchmark-corpus,corpus/lex/PaymentsBot-003.jsonl,us-west-2,2026-09-29T06:00:00+00:00,2026-09-29T06:00:00+00:00,none,scanner,https://us-west-2.console.aws.amazon.com/s3/object/example-benchmark-corpus?region=us-west-2&bucketType=general&prefix=corpus%2Flex%2FPaymentsBot-003.jsonl&versionId=3d2a82b6-35a6-46bf-b95a-f7aa5be38ccf
b2d35882e479bdde3a1e7bd1fa7d6c5b,cvv,high,1,1,high,s3,example-benchmark-corpus,corpus/lex/PaymentsBot-001.jsonl,us-west-2,2026-09-29T06:00:00+00:00,2026-09-29T06:00:00+00:00,none,scanner,https://us-west-2.console.aws.amazon.com/s3/object/example-benchmark-corpus?region=us-west-2&bucketType=general&prefix=corpus%2Flex%2FPaymentsBot-001.jsonl&versionId=cd9544e3-4227-4b26-bb08-0d32a911a9ef
b2ee549aeecb7a5ec207ce96efb381f6,us_ssn,high,1,1,high,s3,example-benchmark-corpus,corpus/Analysis/Voice/2026/09/28/call-013_analysis.json,us-west-2,2026-09-29T06:00:00+00:00,2026-09-29T06:00:00+00:00,none,scanner,https://us-west-2.console.aws.amazon.com/s3/object/example-benchmark-corpus?region=us-west-2&bucketType=general&prefix=corpus%2FAnalysis%2FVoice%2F2026%2F09%2F28%2Fcall-013_analysis.json&versionId=2bf8af4b-8fb0-43df-896d-ebfe659ef84b
b433d250d55b35eb2e68ab87990767f2,us_ssn,high,1,1,high,s3,example-benchmark-corpus,corpus/support/tickets-019.json,us-west-2,2026-09-29T06:00:00+00:00,2026-09-29T06:00:00+00:00,none,scanner,https://us-west-2.console.aws.amazon.com/s3/object/example-benchmark-corpus?region=us-west-2&bucketType=general&prefix=corpus%2Fsupport%2Ftickets-019.json&versionId=64dbfcbb-e07f-43ce-8b43-a1532e9095d4
b4f5d37c0d08ccae7af75baa03afbcce,cvv,high,1,1,high,s3,example-benchmark-corpus,corpus/Analysis/Voice/2026/09/28/call-025_analysis.json,us-west-2,2026-09-29T06:00:00+00:00,2026-09-29T06:00:00+00:00,none,scanner,https://us-west-2.console.aws.amazon.com/s3/object/example-benchmark-corpus?region=us-west-2&bucketType=general&prefix=corpus%2FAnalysis%2FVoice%2F2026%2F09%2F28%2Fcall-025_analysis.json&versionId=c50439d7-efcb-4eff-9dc5-808d1c1f6653
b75b885fb914019e2f214ae537700017,card,high,1,1,high,s3,example-benchmark-corpus,corpus/statements/card-013.txt,us-west-2,2026-09-29T06:00:00+00:00,2026-09-29T06:00:00+00:00,none,scanner,https://us-west-2.console.aws.amazon.com/s3/object/example-benchmark-corpus?region=us-west-2&bucketType=general&prefix=corpus%2Fstatements%2Fcard-013.txt&versionId=6969f544-8873-4925-8d6e-ef38ed64737a
b7ad3acb3ba058cedc3fa34a59cf40af,us_ssn,high,1,1,high,s3,example-benchmark-corpus,corpus/support/tickets-010.json,us-west-2,2026-09-29T06:00:00+00:00,2026-09-29T06:00:00+00:00,none,scanner,https://us-west-2.console.aws.amazon.com/s3/object/example-benchmark-corpus?region=us-west-2&bucketType=general&prefix=corpus%2Fsupport%2Ftickets-010.json&versionId=e601cd38-792a-449c-a142-10278d6feeea
b7d90c8bd6365488d704c7c3c3e4486f,us_ssn,high,1,1,high,s3,example-benchmark-corpus,corpus/Analysis/Voice/2026/09/28/call-021_analysis.json,us-west-2,2026-09-29T06:00:00+00:00,2026-09-29T06:00:00+00:00,none,scanner,https://us-west-2.console.aws.amazon.com/s3/object/example-benchmark-corpus?region=us-west-2&bucketType=general&prefix=corpus%2FAnalysis%2FVoice%2F2026%2F09%2F28%2Fcall-021_analysis.json&versionId=8c7f28de-cda6-45f9-83f1-ebaaeb43d985
b832ca78a66074eb931fd4a569943af6,card,high,1,1,high,s3,example-benchmark-corpus,corpus/Analysis/Voice/2026/09/28/call-002_analysis.json,us-west-2,2026-09-29T06:00:00+00:00,2026-09-29T06:00:00+00:00,none,scanner,https://us-west-2.console.aws.amazon.com/s3/object/example-benchmark-corpus?region=us-west-2&bucketType=general&prefix=corpus%2FAnalysis%2FVoice%2F2026%2F09%2F28%2Fcall-002_analysis.json&versionId=8da01197-2ec0-4dbf-a98e-4b9931bf299b
b8ab9a052b9484c62be260192befec63,us_itin,high,1,1,high,s3,example-benchmark-corpus,corpus/ChatTranscripts/2026/09/28/chat-026.json,us-west-2,2026-09-29T06:00:00+00:00,2026-09-29T06:00:00+00:00,none,scanner,https://us-west-2.console.aws.amazon.com/s3/object/example-benchmark-corpus?region=us-west-2&bucketType=general&prefix=corpus%2FChatTranscripts%2F2026%2F09%2F28%2Fchat-026.json&versionId=36e6a24d-64ff-4c4e-8339-0e15a36c809d
b92266bcf7ea4e2d272c9fad3a3461c4,us_itin,high,1,1,high,s3,example-benchmark-corpus,corpus/support/tickets-002.json,us-west-2,2026-09-29T06:00:00+00:00,2026-09-29T06:00:00+00:00,none,scanner,https://us-west-2.console.aws.amazon.com/s3/object/example-benchmark-corpus?region=us-west-2&bucketType=general&prefix=corpus%2Fsupport%2Ftickets-002.json&versionId=ae6e0733-4ccd-41a2-81ea-6055f463825d
b9b55578340c273f538ab01d03106bfd,us_ssn,high,1,1,high,s3,example-benchmark-corpus,corpus/support/tickets-003.json,us-west-2,2026-09-29T06:00:00+00:00,2026-09-29T06:00:00+00:00,none,scanner,https://us-west-2.console.aws.amazon.com/s3/object/example-benchmark-corpus?region=us-west-2&bucketType=general&prefix=corpus%2Fsupport%2Ftickets-003.json&versionId=f61ad857-f795-4407-8dd9-efba41d5344e
bab46bf7c7d826a82e12bb5fc5b52a47,pin,high,1,1,high,s3,example-benchmark-corpus,corpus/flow-logs/payments-019.jsonl,us-west-2,2026-09-29T06:00:00+00:00,2026-09-29T06:00:00+00:00,none,scanner,https://us-west-2.console.aws.amazon.com/s3/object/example-benchmark-corpus?region=us-west-2&bucketType=general&prefix=corpus%2Fflow-logs%2Fpayments-019.jsonl&versionId=02823515-10e2-4092-bb9b-1e5bea5fd311
bc0b642f83aeff175d706de16e6a3dad,us_ssn,high,1,1,high,s3,example-benchmark-corpus,corpus/docs/hr/offer-004.docx,us-west-2,2026-09-29T06:00:00+00:00,2026-09-29T06:00:00+00:00,none,scanner,https://us-west-2.console.aws.amazon.com/s3/object/example-benchmark-corpus?region=us-west-2&bucketType=general&prefix=corpus%2Fdocs%2Fhr%2Foffer-004.docx&versionId=f83d7f2f-d10e-4c32-89d5-89bdc1490aac
bdc8089e1f8d27608756dff344ab2aae,cvv,high,1,1,high,s3,example-benchmark-corpus,corpus/lex/PaymentsBot-013.jsonl,us-west-2,2026-09-29T06:00:00+00:00,2026-09-29T06:00:00+00:00,none,scanner,https://us-west-2.console.aws.amazon.com/s3/object/example-benchmark-corpus?region=us-west-2&bucketType=general&prefix=corpus%2Flex%2FPaymentsBot-013.jsonl&versionId=ef8bafbd-ceb2-43e8-a348-a1883c9b9ff6
bdebefa53151f8077ea38c6484374f7b,card,high,1,1,high,s3,example-benchmark-corpus,corpus/ChatTranscripts/2026/09/28/chat-034.json,us-west-2,2026-09-29T06:00:00+00:00,2026-09-29T06:00:00+00:00,none,scanner,https://us-west-2.console.aws.amazon.com/s3/object/example-benchmark-corpus?region=us-west-2&bucketType=general&prefix=corpus%2FChatTranscripts%2F2026%2F09%2F28%2Fchat-034.json&versionId=7399f831-8a03-4b02-879e-570836a444e0
bdef360c4cd5e1977e8ae0a74d40954a,us_ssn,high,1,1,high,s3,example-benchmark-corpus,corpus/Analysis/Voice/2026/09/28/call-004_analysis.json,us-west-2,2026-09-29T06:00:00+00:00,2026-09-29T06:00:00+00:00,none,scanner,https://us-west-2.console.aws.amazon.com/s3/object/example-benchmark-corpus?region=us-west-2&bucketType=general&prefix=corpus%2FAnalysis%2FVoice%2F2026%2F09%2F28%2Fcall-004_analysis.json&versionId=d06e2106-e8a3-4534-9144-aa9262f93a88
be6b604398480f79795792db910b0eec,card,high,1,1,low,s3,example-benchmark-corpus,corpus/Analysis/Voice/2026/09/28/call-013_analysis.json,us-west-2,2026-09-29T06:00:00+00:00,2026-09-29T06:00:00+00:00,none,scanner,https://us-west-2.console.aws.amazon.com/s3/object/example-benchmark-corpus?region=us-west-2&bucketType=general&prefix=corpus%2FAnalysis%2FVoice%2F2026%2F09%2F28%2Fcall-013_analysis.json&versionId=2bf8af4b-8fb0-43df-896d-ebfe659ef84b
beb707d4fc8639d8c608f8fac1fdae3d,card,high,1,1,high,s3,example-benchmark-corpus,corpus/Analysis/Voice/2026/09/28/call-027_analysis.json,us-west-2,2026-09-29T06:00:00+00:00,2026-09-29T06:00:00+00:00,none,scanner,https://us-west-2.console.aws.amazon.com/s3/object/example-benchmark-corpus?region=us-west-2&bucketType=general&prefix=corpus%2FAnalysis%2FVoice%2F2026%2F09%2F28%2Fcall-027_analysis.json&versionId=bea885c5-0033-4949-8c3d-607782ceda77
bfcb088dc685ae0e6a363c86fc6fd7c1,card,high,1,1,high,s3,example-benchmark-corpus,corpus/lex/PaymentsBot-000.jsonl,us-west-2,2026-09-29T06:00:00+00:00,2026-09-29T06:00:00+00:00,none,scanner,https://us-west-2.console.aws.amazon.com/s3/object/example-benchmark-corpus?region=us-west-2&bucketType=general&prefix=corpus%2Flex%2FPaymentsBot-000.jsonl&versionId=16401f88-9faf-47f8-bfdd-9859cdb782a1
c00ca3c3c06ca41ce25b07461f2e5684,card,high,1,1,high,s3,example-benchmark-corpus,corpus/lex/PaymentsBot-009.jsonl,us-west-2,2026-09-29T06:00:00+00:00,2026-09-29T06:00:00+00:00,none,scanner,https://us-west-2.console.aws.amazon.com/s3/object/example-benchmark-corpus?region=us-west-2&bucketType=general&prefix=corpus%2Flex%2FPaymentsBot-009.jsonl&versionId=966e2934-9acc-4a41-ad84-5169f09e80b1
c01e5ebf49049d220d7641a7bdf64b6c,card,high,1,1,high,s3,example-benchmark-corpus,corpus/statements/pdf/card-000.pdf,us-west-2,2026-09-29T06:00:00+00:00,2026-09-29T06:00:00+00:00,none,scanner,https://us-west-2.console.aws.amazon.com/s3/object/example-benchmark-corpus?region=us-west-2&bucketType=general&prefix=corpus%2Fstatements%2Fpdf%2Fcard-000.pdf&versionId=6446e948-0254-40f2-9419-a0d498cb7cfd
c04c8a04ec8557ff3bd3b3dc7e6c320d,cvv,high,1,1,high,s3,example-benchmark-corpus,corpus/Analysis/Voice/2026/09/28/call-022_analysis.json,us-west-2,2026-09-29T06:00:00+00:00,2026-09-29T06:00:00+00:00,none,scanner,https://us-west-2.console.aws.amazon.com/s3/object/example-benchmark-corpus?region=us-west-2&bucketType=general&prefix=corpus%2FAnalysis%2FVoice%2F2026%2F09%2F28%2Fcall-022_analysis.json&versionId=48977b2c-f210-426f-8b93-017a9a232f22
c11ac08fcdf8b68bd18a6d49a926f200,cvv,high,1,1,high,s3,example-benchmark-corpus,corpus/Analysis/Voice/2026/09/28/call-018_analysis.json,us-west-2,2026-09-29T06:00:00+00:00,2026-09-29T06:00:00+00:00,none,scanner,https://us-west-2.console.aws.amazon.com/s3/object/example-benchmark-corpus?region=us-west-2&bucketType=general&prefix=corpus%2FAnalysis%2FVoice%2F2026%2F09%2F28%2Fcall-018_analysis.json&versionId=2ba4e005-3a7d-44f9-b327-95c7139e0cf7
c528799fb9ad49a12d6863714980311f,cvv,high,1,1,high,s3,example-benchmark-corpus,corpus/Analysis/Voice/2026/09/28/call-002_analysis.json,us-west-2,2026-09-29T06:00:00+00:00,2026-09-29T06:00:00+00:00,none,scanner,https://us-west-2.console.aws.amazon.com/s3/object/example-benchmark-corpus?region=us-west-2&bucketType=general&prefix=corpus%2FAnalysis%2FVoice%2F2026%2F09%2F28%2Fcall-002_analysis.json&versionId=8da01197-2ec0-4dbf-a98e-4b9931bf299b
c62241ca7b2eaf900fa9d16ca26dceb3,card,high,1,1,high,s3,example-benchmark-corpus,corpus/Analysis/Voice/2026/09/28/call-022_analysis.json,us-west-2,2026-09-29T06:00:00+00:00,2026-09-29T06:00:00+00:00,none,scanner,https://us-west-2.console.aws.amazon.com/s3/object/example-benchmark-corpus?region=us-west-2&bucketType=general&prefix=corpus%2FAnalysis%2FVoice%2F2026%2F09%2F28%2Fcall-022_analysis.json&versionId=48977b2c-f210-426f-8b93-017a9a232f22
c646dbf9d3ae3e4d68973772fff8f191,card,high,1,1,high,s3,example-benchmark-corpus,corpus/support/tickets-007.json,us-west-2,2026-09-29T06:00:00+00:00,2026-09-29T06:00:00+00:00,none,scanner,https://us-west-2.console.aws.amazon.com/s3/object/example-benchmark-corpus?region=us-west-2&bucketType=general&prefix=corpus%2Fsupport%2Ftickets-007.json&versionId=cc0c3206-248a-45dc-91db-2f207827e51f
c7251e0daeb032ace0361608cce8dea0,card,high,1,1,high,s3,example-benchmark-corpus,corpus/statements/card-003.txt,us-west-2,2026-09-29T06:00:00+00:00,2026-09-29T06:00:00+00:00,none,scanner,https://us-west-2.console.aws.amazon.com/s3/object/example-benchmark-corpus?region=us-west-2&bucketType=general&prefix=corpus%2Fstatements%2Fcard-003.txt&versionId=b2302411-0341-49a0-b2fd-812e45077a1d
c997f290bdc120033ba6ad821ad31821,us_itin,high,1,1,high,s3,example-benchmark-corpus,corpus/support/mail/msg-003.eml,us-west-2,2026-09-29T06:00:00+00:00,2026-09-29T06:00:00+00:00,none,scanner,https://us-west-2.console.aws.amazon.com/s3/object/example-benchmark-corpus?region=us-west-2&bucketType=general&prefix=corpus%2Fsupport%2Fmail%2Fmsg-003.eml&versionId=201a9dc7-aefb-4526-bdc4-08137d42f146
c9d3a0cb7415ea734230da0e146882f8,us_ssn,high,1,1,high,s3,example-benchmark-corpus,corpus/Analysis/Voice/2026/09/28/call-015_analysis.json,us-west-2,2026-09-29T06:00:00+00:00,2026-09-29T06:00:00+00:00,none,scanner,https://us-west-2.console.aws.amazon.com/s3/object/example-benchmark-corpus?region=us-west-2&bucketType=general&prefix=corpus%2FAnalysis%2FVoice%2F2026%2F09%2F28%2Fcall-015_analysis.json&versionId=155c6b07-a30c-47ef-97b5-a9c543502a49
cb289494d54f0f6d44959ca3511e0a41,us_ssn,high,1,1,high,s3,example-benchmark-corpus,corpus/ChatTranscripts/2026/09/28/chat-014.json,us-west-2,2026-09-29T06:00:00+00:00,2026-09-29T06:00:00+00:00,none,scanner,https://us-west-2.console.aws.amazon.com/s3/object/example-benchmark-corpus?region=us-west-2&bucketType=general&prefix=corpus%2FChatTranscripts%2F2026%2F09%2F28%2Fchat-014.json&versionId=165530f5-a0fd-4806-8d27-85794bbbb249
cb56a07d807ffbea8460e3a33b08ea36,us_ssn,high,1,1,high,s3,example-benchmark-corpus,corpus/lex/PaymentsBot-003.jsonl,us-west-2,2026-09-29T06:00:00+00:00,2026-09-29T06:00:00+00:00,none,scanner,https://us-west-2.console.aws.amazon.com/s3/object/example-benchmark-corpus?region=us-west-2&bucketType=general&prefix=corpus%2Flex%2FPaymentsBot-003.jsonl&versionId=3d2a82b6-35a6-46bf-b95a-f7aa5be38ccf
cbaaaca5a9b89b5690fc0e79c9eadba8,card,high,1,1,high,s3,example-benchmark-corpus,corpus/Analysis/Voice/2026/09/28/call-019_analysis.json,us-west-2,2026-09-29T06:00:00+00:00,2026-09-29T06:00:00+00:00,none,scanner,https://us-west-2.console.aws.amazon.com/s3/object/example-benchmark-corpus?region=us-west-2&bucketType=general&prefix=corpus%2FAnalysis%2FVoice%2F2026%2F09%2F28%2Fcall-019_analysis.json&versionId=1948d6d7-2e21-4b88-baa4-03eed5909a94
cbc052140441200041b4d127e7deed6e,us_itin,high,1,1,high,s3,example-benchmark-corpus,corpus/ChatTranscripts/2026/09/28/chat-039.json,us-west-2,2026-09-29T06:00:00+00:00,2026-09-29T06:00:00+00:00,none,scanner,https://us-west-2.console.aws.amazon.com/s3/object/example-benchmark-corpus?region=us-west-2&bucketType=general&prefix=corpus%2FChatTranscripts%2F2026%2F09%2F28%2Fchat-039.json&versionId=8f41fee2-92f2-462c-b972-e407e8e14d94
cdaf66265cd2621bdcacf603f1656d29,pin,high,1,1,high,s3,example-benchmark-corpus,corpus/lex/PaymentsBot-012.jsonl,us-west-2,2026-09-29T06:00:00+00:00,2026-09-29T06:00:00+00:00,none,scanner,https://us-west-2.console.aws.amazon.com/s3/object/example-benchmark-corpus?region=us-west-2&bucketType=general&prefix=corpus%2Flex%2FPaymentsBot-012.jsonl&versionId=f5416e84-4af9-4b99-83c5-8adefdb8f99a
ce9326da311d2194e3ecc18e32b31aaa,cvv,high,1,1,high,s3,example-benchmark-corpus,corpus/Analysis/Voice/2026/09/28/call-034_analysis.json,us-west-2,2026-09-29T06:00:00+00:00,2026-09-29T06:00:00+00:00,none,scanner,https://us-west-2.console.aws.amazon.com/s3/object/example-benchmark-corpus?region=us-west-2&bucketType=general&prefix=corpus%2FAnalysis%2FVoice%2F2026%2F09%2F28%2Fcall-034_analysis.json&versionId=1ef128d4-1974-4531-80a9-7b43dabfce38
ce9340b657612a43f09fe9a4292cee6e,card,high,1,1,high,s3,example-benchmark-corpus,corpus/Analysis/Voice/2026/09/28/call-005_analysis.json,us-west-2,2026-09-29T06:00:00+00:00,2026-09-29T06:00:00+00:00,none,scanner,https://us-west-2.console.aws.amazon.com/s3/object/example-benchmark-corpus?region=us-west-2&bucketType=general&prefix=corpus%2FAnalysis%2FVoice%2F2026%2F09%2F28%2Fcall-005_analysis.json&versionId=542892b9-8bec-4b48-aa63-d5f437004b38
cf383eba7a7aa507b8e6742f60577685,card,high,1,1,low,s3,example-benchmark-corpus,corpus/Analysis/Voice/2026/09/28/call-028_analysis.json,us-west-2,2026-09-29T06:00:00+00:00,2026-09-29T06:00:00+00:00,none,scanner,https://us-west-2.console.aws.amazon.com/s3/object/example-benchmark-corpus?region=us-west-2&bucketType=general&prefix=corpus%2FAnalysis%2FVoice%2F2026%2F09%2F28%2Fcall-028_analysis.json&versionId=2224a68a-6dd2-4a1a-9861-d6520ddbe78f
cf9dc16a86390aea828a415ef5caa546,card,high,1,1,medium,s3,example-benchmark-corpus,corpus/Analysis/Voice/2026/09/28/call-000_analysis.json,us-west-2,2026-09-29T06:00:00+00:00,2026-09-29T06:00:00+00:00,none,scanner,https://us-west-2.console.aws.amazon.com/s3/object/example-benchmark-corpus?region=us-west-2&bucketType=general&prefix=corpus%2FAnalysis%2FVoice%2F2026%2F09%2F28%2Fcall-000_analysis.json&versionId=8d69bf6b-685e-4ba5-a701-2d8b69eda450
cfdcc20cb0ddbe0ec42623becc9735b5,card,high,1,1,high,s3,example-benchmark-corpus,corpus/statements/card-007.txt,us-west-2,2026-09-29T06:00:00+00:00,2026-09-29T06:00:00+00:00,none,scanner,https://us-west-2.console.aws.amazon.com/s3/object/example-benchmark-corpus?region=us-west-2&bucketType=general&prefix=corpus%2Fstatements%2Fcard-007.txt&versionId=c89ea15d-63b6-4d08-a1f5-0cbaf8807c77
cfea1f265c2728a6c53493e0ae72181a,us_ssn,high,1,1,high,s3,example-benchmark-corpus,corpus/flow-logs/payments-008.jsonl,us-west-2,2026-09-29T06:00:00+00:00,2026-09-29T06:00:00+00:00,none,scanner,https://us-west-2.console.aws.amazon.com/s3/object/example-benchmark-corpus?region=us-west-2&bucketType=general&prefix=corpus%2Fflow-logs%2Fpayments-008.jsonl&versionId=11d700f7-d319-437a-9c98-156172fd38c3
d50e4078cbe2aa1f9858f588a31ab96b,card,high,1,1,high,s3,example-benchmark-corpus,corpus/lex/PaymentsBot-016.jsonl,us-west-2,2026-09-29T06:00:00+00:00,2026-09-29T06:00:00+00:00,none,scanner,https://us-west-2.console.aws.amazon.com/s3/object/example-benchmark-corpus?region=us-west-2&bucketType=general&prefix=corpus%2Flex%2FPaymentsBot-016.jsonl&versionId=cdc7a6b5-b962-4c1e-a7e1-1923a382c7aa
d8e38befa565104b244e7a918ce12e45,card,high,1,1,medium,s3,example-benchmark-corpus,corpus/negatives/luhn_non_card-02.txt,us-west-2,2026-09-29T06:00:00+00:00,2026-09-29T06:00:00+00:00,none,scanner,https://us-west-2.console.aws.amazon.com/s3/object/example-benchmark-corpus?region=us-west-2&bucketType=general&prefix=corpus%2Fnegatives%2Fluhn_non_card-02.txt&versionId=5e1e6ec2-161e-4f20-aaad-a0ba4fb48bac
da23bf14ad3993b9415e4f251d398098,card,high,1,1,high,s3,example-benchmark-corpus,corpus/flow-logs/payments-003.jsonl,us-west-2,2026-09-29T06:00:00+00:00,2026-09-29T06:00:00+00:00,none,scanner,https://us-west-2.console.aws.amazon.com/s3/object/example-benchmark-corpus?region=us-west-2&bucketType=general&prefix=corpus%2Fflow-logs%2Fpayments-003.jsonl&versionId=43f282b0-8a7b-4d38-a64c-d5f8906660cf
da4da3f1a3924128d07d90edf807c38b,us_ssn,high,1,1,high,s3,example-benchmark-corpus,corpus/flow-logs/payments-014.jsonl,us-west-2,2026-09-29T06:00:00+00:00,2026-09-29T06:00:00+00:00,none,scanner,https://us-west-2.console.aws.amazon.com/s3/object/example-benchmark-corpus?region=us-west-2&bucketType=general&prefix=corpus%2Fflow-logs%2Fpayments-014.jsonl&versionId=3c33204d-f044-438b-ad60-1bceab441949
dacd83369ae8d519f9fd437911481a3f,cvv,high,1,1,high,s3,example-benchmark-corpus,corpus/Analysis/Voice/2026/09/28/call-016_analysis.json,us-west-2,2026-09-29T06:00:00+00:00,2026-09-29T06:00:00+00:00,none,scanner,https://us-west-2.console.aws.amazon.com/s3/object/example-benchmark-corpus?region=us-west-2&bucketType=general&prefix=corpus%2FAnalysis%2FVoice%2F2026%2F09%2F28%2Fcall-016_analysis.json&versionId=4768c0c1-17d0-42b0-bbb7-00c341ad25a8
dbb178146d7e9dd6b7044968e175eeaa,card,high,1,1,high,s3,example-benchmark-corpus,corpus/statements/pdf/card-001.pdf,us-west-2,2026-09-29T06:00:00+00:00,2026-09-29T06:00:00+00:00,none,scanner,https://us-west-2.console.aws.amazon.com/s3/object/example-benchmark-corpus?region=us-west-2&bucketType=general&prefix=corpus%2Fstatements%2Fpdf%2Fcard-001.pdf&versionId=95bd3ff8-b710-43c6-b238-e4ea26139bc2
dc1a44dc8878c413d0801bb32f80f6a3,cvv,high,1,1,high,s3,example-benchmark-corpus,corpus/Analysis/Voice/2026/09/28/call-031_analysis.json,us-west-2,2026-09-29T06:00:00+00:00,2026-09-29T06:00:00+00:00,none,scanner,https://us-west-2.console.aws.amazon.com/s3/object/example-benchmark-corpus?region=us-west-2&bucketType=general&prefix=corpus%2FAnalysis%2FVoice%2F2026%2F09%2F28%2Fcall-031_analysis.json&versionId=c63340b4-28c7-422e-82a9-2d955c865720
dc32ccc77198c4354dde3ddb6a49fe37,us_ssn,high,1,1,high,s3,example-benchmark-corpus,corpus/Analysis/Voice/2026/09/28/call-009_analysis.json,us-west-2,2026-09-29T06:00:00+00:00,2026-09-29T06:00:00+00:00,none,scanner,https://us-west-2.console.aws.amazon.com/s3/object/example-benchmark-corpus?region=us-west-2&bucketType=general&prefix=corpus%2FAnalysis%2FVoice%2F2026%2F09%2F28%2Fcall-009_analysis.json&versionId=ff3b0586-11c2-4485-9e21-560cb42af542
e1312450c55be330c2abb55a9540fa44,card,high,1,1,high,s3,example-benchmark-corpus,corpus/statements/card-005.txt,us-west-2,2026-09-29T06:00:00+00:00,2026-09-29T06:00:00+00:00,none,scanner,https://us-west-2.console.aws.amazon.com/s3/object/example-benchmark-corpus?region=us-west-2&bucketType=general&prefix=corpus%2Fstatements%2Fcard-005.txt&versionId=95ea038e-b312-4353-ab24-fcb693c90755
e2157485e81d080d111dad56a977408c,card,high,1,1,high,s3,example-benchmark-corpus,corpus/statements/pdf/card-008.pdf,us-west-2,2026-09-29T06:00:00+00:00,2026-09-29T06:00:00+00:00,none,scanner,https://us-west-2.console.aws.amazon.com/s3/object/example-benchmark-corpus?region=us-west-2&bucketType=general&prefix=corpus%2Fstatements%2Fpdf%2Fcard-008.pdf&versionId=45fcbd75-5d15-474b-bd80-2fa7270b96d3
e252ebd03980046932c1f1f2f743b7d2,cvv,high,1,1,high,s3,example-benchmark-corpus,corpus/Analysis/Voice/2026/09/28/call-005_analysis.json,us-west-2,2026-09-29T06:00:00+00:00,2026-09-29T06:00:00+00:00,none,scanner,https://us-west-2.console.aws.amazon.com/s3/object/example-benchmark-corpus?region=us-west-2&bucketType=general&prefix=corpus%2FAnalysis%2FVoice%2F2026%2F09%2F28%2Fcall-005_analysis.json&versionId=542892b9-8bec-4b48-aa63-d5f437004b38
e5fd1325a0f123d898e5d955cc0b1b0b,us_ssn,high,1,1,high,s3,example-benchmark-corpus,corpus/lex/PaymentsBot-008.jsonl,us-west-2,2026-09-29T06:00:00+00:00,2026-09-29T06:00:00+00:00,none,scanner,https://us-west-2.console.aws.amazon.com/s3/object/example-benchmark-corpus?region=us-west-2&bucketType=general&prefix=corpus%2Flex%2FPaymentsBot-008.jsonl&versionId=d4840ef6-0367-4678-957f-3d6bc4fba5fa
e8e1aab5c5e2ff3c7c6933244476eb46,card,high,1,2,high,s3,example-benchmark-corpus,corpus/Analysis/Voice/2026/09/28/call-025_analysis.json,us-west-2,2026-09-29T06:00:00+00:00,2026-09-29T06:00:00+00:00,none,scanner,https://us-west-2.console.aws.amazon.com/s3/object/example-benchmark-corpus?region=us-west-2&bucketType=general&prefix=corpus%2FAnalysis%2FVoice%2F2026%2F09%2F28%2Fcall-025_analysis.json&versionId=c50439d7-efcb-4eff-9dc5-808d1c1f6653
ea46f9a60ddd75be13324eacd26d7b29,pin,high,1,1,high,s3,example-benchmark-corpus,corpus/flow-logs/payments-013.jsonl,us-west-2,2026-09-29T06:00:00+00:00,2026-09-29T06:00:00+00:00,none,scanner,https://us-west-2.console.aws.amazon.com/s3/object/example-benchmark-corpus?region=us-west-2&bucketType=general&prefix=corpus%2Fflow-logs%2Fpayments-013.jsonl&versionId=22cb1f61-b002-4a91-8539-32e392b055d8
ea5eeaffaacb3c02499db7b714f293fe,cvv,high,1,1,high,s3,example-benchmark-corpus,corpus/Analysis/Voice/2026/09/28/call-021_analysis.json,us-west-2,2026-09-29T06:00:00+00:00,2026-09-29T06:00:00+00:00,none,scanner,https://us-west-2.console.aws.amazon.com/s3/object/example-benchmark-corpus?region=us-west-2&bucketType=general&prefix=corpus%2FAnalysis%2FVoice%2F2026%2F09%2F28%2Fcall-021_analysis.json&versionId=8c7f28de-cda6-45f9-83f1-ebaaeb43d985
eaabed006b8e246a57e94a76d0641426,us_ssn,high,1,1,high,s3,example-benchmark-corpus,corpus/Analysis/Voice/2026/09/28/call-035_analysis.json,us-west-2,2026-09-29T06:00:00+00:00,2026-09-29T06:00:00+00:00,none,scanner,https://us-west-2.console.aws.amazon.com/s3/object/example-benchmark-corpus?region=us-west-2&bucketType=general&prefix=corpus%2FAnalysis%2FVoice%2F2026%2F09%2F28%2Fcall-035_analysis.json&versionId=8eeccdb1-302e-4a94-a4ae-93bc4e39a19f
ed44e5dc395b4dd680374f2f6d8ed9b0,card,high,1,1,high,s3,example-benchmark-corpus,corpus/lex/PaymentsBot-011.jsonl,us-west-2,2026-09-29T06:00:00+00:00,2026-09-29T06:00:00+00:00,none,scanner,https://us-west-2.console.aws.amazon.com/s3/object/example-benchmark-corpus?region=us-west-2&bucketType=general&prefix=corpus%2Flex%2FPaymentsBot-011.jsonl&versionId=42360c26-d74d-447a-ac54-c84561e4177e
ee1aa5e2c0da848202f6f09ecf797afe,pin,high,1,1,high,s3,example-benchmark-corpus,corpus/lex/PaymentsBot-010.jsonl,us-west-2,2026-09-29T06:00:00+00:00,2026-09-29T06:00:00+00:00,none,scanner,https://us-west-2.console.aws.amazon.com/s3/object/example-benchmark-corpus?region=us-west-2&bucketType=general&prefix=corpus%2Flex%2FPaymentsBot-010.jsonl&versionId=8705bdd3-7491-4907-8d17-38e075c2034a
ef6e3c54ba2eb160f074ec4de94b8687,cvv,high,1,1,high,s3,example-benchmark-corpus,corpus/flow-logs/payments-005.jsonl,us-west-2,2026-09-29T06:00:00+00:00,2026-09-29T06:00:00+00:00,none,scanner,https://us-west-2.console.aws.amazon.com/s3/object/example-benchmark-corpus?region=us-west-2&bucketType=general&prefix=corpus%2Fflow-logs%2Fpayments-005.jsonl&versionId=2c79d6dc-d050-41fa-aca1-64642bba4d10
f2580404b4251e1427b24a397d141b8c,us_ssn,high,1,1,high,s3,example-benchmark-corpus,corpus/flow-logs/payments-015.jsonl,us-west-2,2026-09-29T06:00:00+00:00,2026-09-29T06:00:00+00:00,none,scanner,https://us-west-2.console.aws.amazon.com/s3/object/example-benchmark-corpus?region=us-west-2&bucketType=general&prefix=corpus%2Fflow-logs%2Fpayments-015.jsonl&versionId=fbea787a-2b4d-43b9-8f59-3e24d517a1b1
f43867f8ebc5957c7a784677ec4a5c4c,us_itin,high,1,1,high,s3,example-benchmark-corpus,corpus/support/mail/msg-002.eml,us-west-2,2026-09-29T06:00:00+00:00,2026-09-29T06:00:00+00:00,none,scanner,https://us-west-2.console.aws.amazon.com/s3/object/example-benchmark-corpus?region=us-west-2&bucketType=general&prefix=corpus%2Fsupport%2Fmail%2Fmsg-002.eml&versionId=7af95d10-db2c-4e86-bc2a-fd6968a89c22
f4b300a5247a505dfae590339087f97b,cvv,high,1,1,high,s3,example-benchmark-corpus,corpus/flow-logs/payments-001.jsonl,us-west-2,2026-09-29T06:00:00+00:00,2026-09-29T06:00:00+00:00,none,scanner,https://us-west-2.console.aws.amazon.com/s3/object/example-benchmark-corpus?region=us-west-2&bucketType=general&prefix=corpus%2Fflow-logs%2Fpayments-001.jsonl&versionId=dce4c2fb-51a4-42c7-9cfd-00f07022a12a
f4c9fa29bbd3c0d39209109a2f73fe50,us_ssn,high,1,1,high,s3,example-benchmark-corpus,corpus/ChatTranscripts/2026/09/28/chat-033.json,us-west-2,2026-09-29T06:00:00+00:00,2026-09-29T06:00:00+00:00,none,scanner,https://us-west-2.console.aws.amazon.com/s3/object/example-benchmark-corpus?region=us-west-2&bucketType=general&prefix=corpus%2FChatTranscripts%2F2026%2F09%2F28%2Fchat-033.json&versionId=2401ffa5-dd65-4dc1-a247-e1296fd6ad7f
f4d2a9179ebd29d81adcd30b309317fd,pin,high,1,1,high,s3,example-benchmark-corpus,corpus/flow-logs/payments-014.jsonl,us-west-2,2026-09-29T06:00:00+00:00,2026-09-29T06:00:00+00:00,none,scanner,https://us-west-2.console.aws.amazon.com/s3/object/example-benchmark-corpus?region=us-west-2&bucketType=general&prefix=corpus%2Fflow-logs%2Fpayments-014.jsonl&versionId=3c33204d-f044-438b-ad60-1bceab441949
f580fdd44b6be674ece6be432c80fa8a,us_ssn,high,1,1,high,s3,example-benchmark-corpus,corpus/lex/PaymentsBot-010.jsonl,us-west-2,2026-09-29T06:00:00+00:00,2026-09-29T06:00:00+00:00,none,scanner,https://us-west-2.console.aws.amazon.com/s3/object/example-benchmark-corpus?region=us-west-2&bucketType=general&prefix=corpus%2Flex%2FPaymentsBot-010.jsonl&versionId=8705bdd3-7491-4907-8d17-38e075c2034a
f76faea596bb0fd1e2dae8ce31ded03e,card,high,1,1,high,s3,example-benchmark-corpus,corpus/Analysis/Voice/2026/09/28/call-020_analysis.json,us-west-2,2026-09-29T06:00:00+00:00,2026-09-29T06:00:00+00:00,none,scanner,https://us-west-2.console.aws.amazon.com/s3/object/example-benchmark-corpus?region=us-west-2&bucketType=general&prefix=corpus%2FAnalysis%2FVoice%2F2026%2F09%2F28%2Fcall-020_analysis.json&versionId=db108e04-b059-4b4d-9b0c-6c1191e2ec6c
f9c093b91f69fd009f156d68e370b563,cvv,high,1,1,high,s3,example-benchmark-corpus,corpus/lex/PaymentsBot-017.jsonl,us-west-2,2026-09-29T06:00:00+00:00,2026-09-29T06:00:00+00:00,none,scanner,https://us-west-2.console.aws.amazon.com/s3/object/example-benchmark-corpus?region=us-west-2&bucketType=general&prefix=corpus%2Flex%2FPaymentsBot-017.jsonl&versionId=4221335f-1d0f-4164-8ae7-1ae8c346a29e
fb93e7ed4998163a3c4e39afde6ec42f,card,high,1,1,high,s3,example-benchmark-corpus,corpus/statements/pdf/card-005.pdf,us-west-2,2026-09-29T06:00:00+00:00,2026-09-29T06:00:00+00:00,none,scanner,https://us-west-2.console.aws.amazon.com/s3/object/example-benchmark-corpus?region=us-west-2&bucketType=general&prefix=corpus%2Fstatements%2Fpdf%2Fcard-005.pdf&versionId=43b3cc41-ddd2-4e8c-965c-790dd31427ac
fb9569f2fb05f70dc737958cc917c56f,us_ssn,high,1,1,high,s3,example-benchmark-corpus,corpus/support/tickets-018.json,us-west-2,2026-09-29T06:00:00+00:00,2026-09-29T06:00:00+00:00,none,scanner,https://us-west-2.console.aws.amazon.com/s3/object/example-benchmark-corpus?region=us-west-2&bucketType=general&prefix=corpus%2Fsupport%2Ftickets-018.json&versionId=fec51fa9-e2c6-4dc5-9e00-3e0ce2392c98
fbc59103c1e217a59128b963b4b799fc,card,high,1,1,high,s3,example-benchmark-corpus,corpus/statements/pdf/card-009.pdf,us-west-2,2026-09-29T06:00:00+00:00,2026-09-29T06:00:00+00:00,none,scanner,https://us-west-2.console.aws.amazon.com/s3/object/example-benchmark-corpus?region=us-west-2&bucketType=general&prefix=corpus%2Fstatements%2Fpdf%2Fcard-009.pdf&versionId=fa2018d4-0591-4e2d-be05-e2eefbb73793
fc2897dc9e57095a5f628bbdb42f0e54,card,high,1,1,high,s3,example-benchmark-corpus,corpus/statements/card-011.txt,us-west-2,2026-09-29T06:00:00+00:00,2026-09-29T06:00:00+00:00,none,scanner,https://us-west-2.console.aws.amazon.com/s3/object/example-benchmark-corpus?region=us-west-2&bucketType=general&prefix=corpus%2Fstatements%2Fcard-011.txt&versionId=802d2300-6789-48cb-ac89-acdad1229940
fc82e272d1074dda0e0a31deacb71974,cvv,high,1,1,high,s3,example-benchmark-corpus,corpus/Analysis/Voice/2026/09/28/call-036_analysis.json,us-west-2,2026-09-29T06:00:00+00:00,2026-09-29T06:00:00+00:00,none,scanner,https://us-west-2.console.aws.amazon.com/s3/object/example-benchmark-corpus?region=us-west-2&bucketType=general&prefix=corpus%2FAnalysis%2FVoice%2F2026%2F09%2F28%2Fcall-036_analysis.json&versionId=814688dd-e170-4f43-a7f7-b9995e9ae1a3
fce8a005b3c0a52dfd2fa9ed6273c5e0,card,high,1,1,medium,s3,example-benchmark-corpus,corpus/ChatTranscripts/2026/09/28/chat-013.json,us-west-2,2026-09-29T06:00:00+00:00,2026-09-29T06:00:00+00:00,none,scanner,https://us-west-2.console.aws.amazon.com/s3/object/example-benchmark-corpus?region=us-west-2&bucketType=general&prefix=corpus%2FChatTranscripts%2F2026%2F09%2F28%2Fchat-013.json&versionId=583cd18b-e3aa-4230-af8a-cd70e5554b50
fd54af449b8360a208b583b3072b10a2,us_ssn,high,1,1,high,s3,example-benchmark-corpus,corpus/lex/PaymentsBot-017.jsonl,us-west-2,2026-09-29T06:00:00+00:00,2026-09-29T06:00:00+00:00,none,scanner,https://us-west-2.console.aws.amazon.com/s3/object/example-benchmark-corpus?region=us-west-2&bucketType=general&prefix=corpus%2Flex%2FPaymentsBot-017.jsonl&versionId=4221335f-1d0f-4164-8ae7-1ae8c346a29e
fdce6e7ac86c023b427a0ddfef37f777,card,high,1,1,high,s3,example-benchmark-corpus,corpus/support/tickets-002.json,us-west-2,2026-09-29T06:00:00+00:00,2026-09-29T06:00:00+00:00,none,scanner,https://us-west-2.console.aws.amazon.com/s3/object/example-benchmark-corpus?region=us-west-2&bucketType=general&prefix=corpus%2Fsupport%2Ftickets-002.json&versionId=ae6e0733-4ccd-41a2-81ea-6055f463825d
fdf50edd34a46597d345a8989d970b9a,cvv,high,1,1,high,s3,example-benchmark-corpus,corpus/lex/PaymentsBot-004.jsonl,us-west-2,2026-09-29T06:00:00+00:00,2026-09-29T06:00:00+00:00,none,scanner,https://us-west-2.console.aws.amazon.com/s3/object/example-benchmark-corpus?region=us-west-2&bucketType=general&prefix=corpus%2Flex%2FPaymentsBot-004.jsonl&versionId=befb961b-c2e6-4e04-9666-402aecffda4f
febb00a7e95aed511798a85103ba7b93,us_ssn,high,1,1,high,s3,example-benchmark-corpus,corpus/support/tickets-001.json,us-west-2,2026-09-29T06:00:00+00:00,2026-09-29T06:00:00+00:00,none,scanner,https://us-west-2.console.aws.amazon.com/s3/object/example-benchmark-corpus?region=us-west-2&bucketType=general&prefix=corpus%2Fsupport%2Ftickets-001.json&versionId=133e2821-6b5f-471f-bcd3-7b539e1197f2
081a29edf076b0bb6aea95b01554cbd7,dob,medium,50,50,high,s3,example-benchmark-corpus,corpus/lake/customers/part-00004.snappy.parquet > column date_of_birth,us-west-2,2026-09-29T06:00:00+00:00,2026-09-29T06:00:00+00:00,none,scanner,https://us-west-2.console.aws.amazon.com/s3/object/example-benchmark-corpus?region=us-west-2&bucketType=general&prefix=corpus%2Flake%2Fcustomers%2Fpart-00004.snappy.parquet&versionId=3877daf0-4f1c-4463-ade2-d66c91150313
2e2ce6bb1dbb828d4a7a75b52a9f777b,dob,medium,50,50,high,s3,example-benchmark-corpus,corpus/lake/customers/part-00003.snappy.parquet > column date_of_birth,us-west-2,2026-09-29T06:00:00+00:00,2026-09-29T06:00:00+00:00,none,scanner,https://us-west-2.console.aws.amazon.com/s3/object/example-benchmark-corpus?region=us-west-2&bucketType=general&prefix=corpus%2Flake%2Fcustomers%2Fpart-00003.snappy.parquet&versionId=4b84491b-deb7-4b66-b329-e76d898ab9c8
54fb09ae23ace7f95dfad123875b054f,dob,medium,50,50,high,s3,example-benchmark-corpus,corpus/lake/customers/part-00001.snappy.parquet > column date_of_birth,us-west-2,2026-09-29T06:00:00+00:00,2026-09-29T06:00:00+00:00,none,scanner,https://us-west-2.console.aws.amazon.com/s3/object/example-benchmark-corpus?region=us-west-2&bucketType=general&prefix=corpus%2Flake%2Fcustomers%2Fpart-00001.snappy.parquet&versionId=88169da0-2d0c-48c1-b996-5496644a64ce
9635c401056eabbdbfe3d40172e58fc7,dob,medium,50,50,high,s3,example-benchmark-corpus,corpus/lake/customers/part-00000.snappy.parquet > column date_of_birth,us-west-2,2026-09-29T06:00:00+00:00,2026-09-29T06:00:00+00:00,none,scanner,https://us-west-2.console.aws.amazon.com/s3/object/example-benchmark-corpus?region=us-west-2&bucketType=general&prefix=corpus%2Flake%2Fcustomers%2Fpart-00000.snappy.parquet&versionId=a22b3e5a-526a-4787-ab2a-daf5c59be622
b2a28788e317e8e2996d4b1b33a0c831,dob,medium,50,50,high,s3,example-benchmark-corpus,corpus/lake/customers/part-00002.snappy.parquet > column date_of_birth,us-west-2,2026-09-29T06:00:00+00:00,2026-09-29T06:00:00+00:00,none,scanner,https://us-west-2.console.aws.amazon.com/s3/object/example-benchmark-corpus?region=us-west-2&bucketType=general&prefix=corpus%2Flake%2Fcustomers%2Fpart-00002.snappy.parquet&versionId=1b1f9b72-1a27-489b-83ba-f49306bf6ddc
d52242bf6cda0ffa7597c257308438d0,dob,medium,50,50,high,s3,example-benchmark-corpus,corpus/lake/customers/part-00005.snappy.parquet > column date_of_birth,us-west-2,2026-09-29T06:00:00+00:00,2026-09-29T06:00:00+00:00,none,scanner,https://us-west-2.console.aws.amazon.com/s3/object/example-benchmark-corpus?region=us-west-2&bucketType=general&prefix=corpus%2Flake%2Fcustomers%2Fpart-00005.snappy.parquet&versionId=988b1b10-df6c-4ac7-a7c8-6bb27a74cdcb
17c339ff020784914d98028ae49dfd1c,dob,medium,30,30,high,s3,example-benchmark-corpus,corpus/exports/hr/employees-005.csv,us-west-2,2026-09-29T06:00:00+00:00,2026-09-29T06:00:00+00:00,none,scanner,https://us-west-2.console.aws.amazon.com/s3/object/example-benchmark-corpus?region=us-west-2&bucketType=general&prefix=corpus%2Fexports%2Fhr%2Femployees-005.csv&versionId=291f4ae6-c212-4f80-bbc6-61b550f531d2
1ebc1e0489f5d815b1d22c64f99237f9,dob,medium,30,30,high,s3,example-benchmark-corpus,corpus/exports/hr/employees-002.csv,us-west-2,2026-09-29T06:00:00+00:00,2026-09-29T06:00:00+00:00,none,scanner,https://us-west-2.console.aws.amazon.com/s3/object/example-benchmark-corpus?region=us-west-2&bucketType=general&prefix=corpus%2Fexports%2Fhr%2Femployees-002.csv&versionId=96d096dd-bd2c-42f7-b67a-2edaefade8e6
21b13062abc9a00e58b7048795fc0311,dob,medium,30,30,high,s3,example-benchmark-corpus,corpus/exports/hr/employees-007.csv,us-west-2,2026-09-29T06:00:00+00:00,2026-09-29T06:00:00+00:00,none,scanner,https://us-west-2.console.aws.amazon.com/s3/object/example-benchmark-corpus?region=us-west-2&bucketType=general&prefix=corpus%2Fexports%2Fhr%2Femployees-007.csv&versionId=520f65fb-d95a-425c-9f23-e1d8aeabb4be
394ccc3eb534fe5ea9eb61d65408b8d6,dob,medium,30,30,high,s3,example-benchmark-corpus,corpus/exports/hr/employees-006.csv,us-west-2,2026-09-29T06:00:00+00:00,2026-09-29T06:00:00+00:00,none,scanner,https://us-west-2.console.aws.amazon.com/s3/object/example-benchmark-corpus?region=us-west-2&bucketType=general&prefix=corpus%2Fexports%2Fhr%2Femployees-006.csv&versionId=c4f3dcb9-82c3-4b41-8609-4e9e44ea6cfb
412cd8afac341474989934697a8206a1,dob,medium,30,30,high,s3,example-benchmark-corpus,corpus/exports/hr/employees-004.csv,us-west-2,2026-09-29T06:00:00+00:00,2026-09-29T06:00:00+00:00,none,scanner,https://us-west-2.console.aws.amazon.com/s3/object/example-benchmark-corpus?region=us-west-2&bucketType=general&prefix=corpus%2Fexports%2Fhr%2Femployees-004.csv&versionId=cb6c76a6-1df5-411f-89c8-2600cceb3117
61e0f693c70aea623584ca254ab7c2ee,dob,medium,30,30,high,s3,example-benchmark-corpus,corpus/exports/hr/employees-000.csv,us-west-2,2026-09-29T06:00:00+00:00,2026-09-29T06:00:00+00:00,none,scanner,https://us-west-2.console.aws.amazon.com/s3/object/example-benchmark-corpus?region=us-west-2&bucketType=general&prefix=corpus%2Fexports%2Fhr%2Femployees-000.csv&versionId=229b8682-7143-437b-9b7e-e5468ff689d2
d4bf5364e91f50e10edb733230328033,dob,medium,30,30,high,s3,example-benchmark-corpus,corpus/exports/hr/employees-003.csv,us-west-2,2026-09-29T06:00:00+00:00,2026-09-29T06:00:00+00:00,none,scanner,https://us-west-2.console.aws.amazon.com/s3/object/example-benchmark-corpus?region=us-west-2&bucketType=general&prefix=corpus%2Fexports%2Fhr%2Femployees-003.csv&versionId=31b49e77-eb70-47fa-8b06-cc6764919c85
f19e48177c0108296ea5efc3fac56f07,dob,medium,30,30,high,s3,example-benchmark-corpus,corpus/exports/hr/employees-001.csv,us-west-2,2026-09-29T06:00:00+00:00,2026-09-29T06:00:00+00:00,none,scanner,https://us-west-2.console.aws.amazon.com/s3/object/example-benchmark-corpus?region=us-west-2&bucketType=general&prefix=corpus%2Fexports%2Fhr%2Femployees-001.csv&versionId=cfabc494-f720-4b45-81f5-99c6940b1d32
1163116317272b48b4e7bf0c6a7555b2,dob,medium,10,10,high,s3,example-benchmark-corpus,corpus/logs/rotated/lambda-000.jsonl.bz2,us-west-2,2026-09-29T06:00:00+00:00,2026-09-29T06:00:00+00:00,none,scanner,https://us-west-2.console.aws.amazon.com/s3/object/example-benchmark-corpus?region=us-west-2&bucketType=general&prefix=corpus%2Flogs%2Frotated%2Flambda-000.jsonl.bz2&versionId=e2c1768e-84c2-4d65-925c-a4a604ed8c76
9e6cbe20b44d77765a1d961144c9e3fd,dob,medium,10,10,high,s3,example-benchmark-corpus,corpus/logs/lambda/fn-007.jsonl,us-west-2,2026-09-29T06:00:00+00:00,2026-09-29T06:00:00+00:00,none,scanner,https://us-west-2.console.aws.amazon.com/s3/object/example-benchmark-corpus?region=us-west-2&bucketType=general&prefix=corpus%2Flogs%2Flambda%2Ffn-007.jsonl&versionId=6dca536d-a689-48e6-8a5f-44779f6cb072
d6bb1c00013b65e97160b692e979ce2a,dob,medium,10,10,high,s3,example-benchmark-corpus,corpus/logs/lambda/fn-004.jsonl,us-west-2,2026-09-29T06:00:00+00:00,2026-09-29T06:00:00+00:00,none,scanner,https://us-west-2.console.aws.amazon.com/s3/object/example-benchmark-corpus?region=us-west-2&bucketType=general&prefix=corpus%2Flogs%2Flambda%2Ffn-004.jsonl&versionId=bc3711f9-c9d0-4198-8db2-48e19235cf33
dbd8f892eb750dcccbf2063577077ffb,dob,medium,10,10,high,s3,example-benchmark-corpus,corpus/logs/lambda/fn-009.jsonl,us-west-2,2026-09-29T06:00:00+00:00,2026-09-29T06:00:00+00:00,none,scanner,https://us-west-2.console.aws.amazon.com/s3/object/example-benchmark-corpus?region=us-west-2&bucketType=general&prefix=corpus%2Flogs%2Flambda%2Ffn-009.jsonl&versionId=17b64abd-2154-4fae-96bb-1623d83f2520
18f4af0bd4148f58eb12eb1f6bf4e584,dob,medium,9,9,high,s3,example-benchmark-corpus,corpus/logs/lambda/fn-005.jsonl,us-west-2,2026-09-29T06:00:00+00:00,2026-09-29T06:00:00+00:00,none,scanner,https://us-west-2.console.aws.amazon.com/s3/object/example-benchmark-corpus?region=us-west-2&bucketType=general&prefix=corpus%2Flogs%2Flambda%2Ffn-005.jsonl&versionId=83bd72c5-4ee2-42ea-8ce4-938d606fff72
2a027230abff4b489b1d1b3cf3f4e599,dob,medium,9,9,high,s3,example-benchmark-corpus,corpus/logs/lambda/fn-000.jsonl,us-west-2,2026-09-29T06:00:00+00:00,2026-09-29T06:00:00+00:00,none,scanner,https://us-west-2.console.aws.amazon.com/s3/object/example-benchmark-corpus?region=us-west-2&bucketType=general&prefix=corpus%2Flogs%2Flambda%2Ffn-000.jsonl&versionId=8c306184-d109-4e5c-9f56-4c441560bb53
3955d43f43849bc9c609d94ec221acaa,dob,medium,8,8,high,s3,example-benchmark-corpus,corpus/logs/lambda/fn-006.jsonl,us-west-2,2026-09-29T06:00:00+00:00,2026-09-29T06:00:00+00:00,none,scanner,https://us-west-2.console.aws.amazon.com/s3/object/example-benchmark-corpus?region=us-west-2&bucketType=general&prefix=corpus%2Flogs%2Flambda%2Ffn-006.jsonl&versionId=1845918c-f8e8-4a42-9920-d0f7064871cd
4fbc73b80dda194dc71f51fb6475a44a,dob,medium,7,7,high,s3,example-benchmark-corpus,corpus/logs/lambda/fn-002.jsonl,us-west-2,2026-09-29T06:00:00+00:00,2026-09-29T06:00:00+00:00,none,scanner,https://us-west-2.console.aws.amazon.com/s3/object/example-benchmark-corpus?region=us-west-2&bucketType=general&prefix=corpus%2Flogs%2Flambda%2Ffn-002.jsonl&versionId=f4667546-1e4a-4fec-afbc-be9ca7c2f37b
5c884ae1ade66ed34c4100ff47ccb16c,dob,medium,6,6,high,s3,example-benchmark-corpus,corpus/logs/lambda/fn-003.jsonl,us-west-2,2026-09-29T06:00:00+00:00,2026-09-29T06:00:00+00:00,none,scanner,https://us-west-2.console.aws.amazon.com/s3/object/example-benchmark-corpus?region=us-west-2&bucketType=general&prefix=corpus%2Flogs%2Flambda%2Ffn-003.jsonl&versionId=e9594b98-41b3-4626-bd0e-8c2bc5c50e93
18556e38183c1efdb734399a9ae0129d,dob,medium,5,5,high,s3,example-benchmark-corpus,corpus/logs/lambda/fn-001.jsonl,us-west-2,2026-09-29T06:00:00+00:00,2026-09-29T06:00:00+00:00,none,scanner,https://us-west-2.console.aws.amazon.com/s3/object/example-benchmark-corpus?region=us-west-2&bucketType=general&prefix=corpus%2Flogs%2Flambda%2Ffn-001.jsonl&versionId=85e620ed-6cd2-42ec-9816-623f8352d6b2
6e43c9b4781a923de1473866629f19ce,dob,medium,4,4,high,s3,example-benchmark-corpus,corpus/logs/rotated/lambda-002.jsonl.bz2,us-west-2,2026-09-29T06:00:00+00:00,2026-09-29T06:00:00+00:00,none,scanner,https://us-west-2.console.aws.amazon.com/s3/object/example-benchmark-corpus?region=us-west-2&bucketType=general&prefix=corpus%2Flogs%2Frotated%2Flambda-002.jsonl.bz2&versionId=73fdc040-968c-49fa-bf01-1d8d233ffc0d
7080b4be9fd26d3edd24a9437e887e3e,dob,medium,4,4,high,s3,example-benchmark-corpus,corpus/logs/lambda/fn-008.jsonl,us-west-2,2026-09-29T06:00:00+00:00,2026-09-29T06:00:00+00:00,none,scanner,https://us-west-2.console.aws.amazon.com/s3/object/example-benchmark-corpus?region=us-west-2&bucketType=general&prefix=corpus%2Flogs%2Flambda%2Ffn-008.jsonl&versionId=1b49638f-5d02-43d2-a843-aaad02ecf276
4a4bd5856e2fc3f6bf64561cc2b4e2d5,dob,medium,3,3,high,s3,example-benchmark-corpus,corpus/logs/rotated/lambda-001.jsonl.bz2,us-west-2,2026-09-29T06:00:00+00:00,2026-09-29T06:00:00+00:00,none,scanner,https://us-west-2.console.aws.amazon.com/s3/object/example-benchmark-corpus?region=us-west-2&bucketType=general&prefix=corpus%2Flogs%2Frotated%2Flambda-001.jsonl.bz2&versionId=6fefb725-f0d1-417f-bf82-69e0bc2a68a7
124a4d56cfa8ba55152a6c931291e34a,dob,medium,2,2,high,s3,example-benchmark-corpus,corpus/Analysis/Voice/2026/09/28/call-037_analysis.json,us-west-2,2026-09-29T06:00:00+00:00,2026-09-29T06:00:00+00:00,none,scanner,https://us-west-2.console.aws.amazon.com/s3/object/example-benchmark-corpus?region=us-west-2&bucketType=general&prefix=corpus%2FAnalysis%2FVoice%2F2026%2F09%2F28%2Fcall-037_analysis.json&versionId=23aad70c-a203-4e33-8a98-595499fdc2bf
13c7dd4789f690081c3713766786dbe8,dob,medium,2,2,high,s3,example-benchmark-corpus,corpus/Analysis/Voice/2026/09/28/call-005_analysis.json,us-west-2,2026-09-29T06:00:00+00:00,2026-09-29T06:00:00+00:00,none,scanner,https://us-west-2.console.aws.amazon.com/s3/object/example-benchmark-corpus?region=us-west-2&bucketType=general&prefix=corpus%2FAnalysis%2FVoice%2F2026%2F09%2F28%2Fcall-005_analysis.json&versionId=542892b9-8bec-4b48-aa63-d5f437004b38
5696f280474ebab4936d3ff9371a82d4,dob,medium,2,2,high,s3,example-benchmark-corpus,corpus/Analysis/Voice/2026/09/28/call-009_analysis.json,us-west-2,2026-09-29T06:00:00+00:00,2026-09-29T06:00:00+00:00,none,scanner,https://us-west-2.console.aws.amazon.com/s3/object/example-benchmark-corpus?region=us-west-2&bucketType=general&prefix=corpus%2FAnalysis%2FVoice%2F2026%2F09%2F28%2Fcall-009_analysis.json&versionId=ff3b0586-11c2-4485-9e21-560cb42af542
5928bedfe9ce9ce960b53abda054d116,dob,medium,2,2,high,s3,example-benchmark-corpus,corpus/Analysis/Voice/2026/09/28/call-014_analysis.json,us-west-2,2026-09-29T06:00:00+00:00,2026-09-29T06:00:00+00:00,none,scanner,https://us-west-2.console.aws.amazon.com/s3/object/example-benchmark-corpus?region=us-west-2&bucketType=general&prefix=corpus%2FAnalysis%2FVoice%2F2026%2F09%2F28%2Fcall-014_analysis.json&versionId=40e58681-0a30-49ec-87ba-aea7d0485481
71c94f68026ac4ccc85e144bf56006f8,dob,medium,2,2,high,s3,example-benchmark-corpus,corpus/Analysis/Voice/2026/09/28/call-002_analysis.json,us-west-2,2026-09-29T06:00:00+00:00,2026-09-29T06:00:00+00:00,none,scanner,https://us-west-2.console.aws.amazon.com/s3/object/example-benchmark-corpus?region=us-west-2&bucketType=general&prefix=corpus%2FAnalysis%2FVoice%2F2026%2F09%2F28%2Fcall-002_analysis.json&versionId=8da01197-2ec0-4dbf-a98e-4b9931bf299b
877244eabd4a0e64169f9c6b6f1173ee,dob,medium,2,2,high,s3,example-benchmark-corpus,corpus/support/tickets-014.json,us-west-2,2026-09-29T06:00:00+00:00,2026-09-29T06:00:00+00:00,none,scanner,https://us-west-2.console.aws.amazon.com/s3/object/example-benchmark-corpus?region=us-west-2&bucketType=general&prefix=corpus%2Fsupport%2Ftickets-014.json&versionId=619ed5d6-eaa6-467f-b097-039b91c218f3
8bcd934215eda321f3c025f05e43a651,dob,medium,2,2,high,s3,example-benchmark-corpus,corpus/Analysis/Voice/2026/09/28/call-020_analysis.json,us-west-2,2026-09-29T06:00:00+00:00,2026-09-29T06:00:00+00:00,none,scanner,https://us-west-2.console.aws.amazon.com/s3/object/example-benchmark-corpus?region=us-west-2&bucketType=general&prefix=corpus%2FAnalysis%2FVoice%2F2026%2F09%2F28%2Fcall-020_analysis.json&versionId=db108e04-b059-4b4d-9b0c-6c1191e2ec6c
c12c03796b008721e722df16878c31cf,dob,medium,2,2,high,s3,example-benchmark-corpus,corpus/Analysis/Voice/2026/09/28/call-034_analysis.json,us-west-2,2026-09-29T06:00:00+00:00,2026-09-29T06:00:00+00:00,none,scanner,https://us-west-2.console.aws.amazon.com/s3/object/example-benchmark-corpus?region=us-west-2&bucketType=general&prefix=corpus%2FAnalysis%2FVoice%2F2026%2F09%2F28%2Fcall-034_analysis.json&versionId=1ef128d4-1974-4531-80a9-7b43dabfce38
d06c672c2f19a975b01377c0953048b5,dob,medium,2,2,high,s3,example-benchmark-corpus,corpus/Analysis/Voice/2026/09/28/call-029_analysis.json,us-west-2,2026-09-29T06:00:00+00:00,2026-09-29T06:00:00+00:00,none,scanner,https://us-west-2.console.aws.amazon.com/s3/object/example-benchmark-corpus?region=us-west-2&bucketType=general&prefix=corpus%2FAnalysis%2FVoice%2F2026%2F09%2F28%2Fcall-029_analysis.json&versionId=6ad889fe-1922-46c2-882f-192ff9155bff
da74625c6d8d5b37f3b30a338b9a802b,dob,medium,2,2,high,s3,example-benchmark-corpus,corpus/Analysis/Voice/2026/09/28/call-017_analysis.json,us-west-2,2026-09-29T06:00:00+00:00,2026-09-29T06:00:00+00:00,none,scanner,https://us-west-2.console.aws.amazon.com/s3/object/example-benchmark-corpus?region=us-west-2&bucketType=general&prefix=corpus%2FAnalysis%2FVoice%2F2026%2F09%2F28%2Fcall-017_analysis.json&versionId=e9910f17-a994-4d50-bb63-ac5331bb34f1
e520b9250c0330830fabdac2743c6dee,dob,medium,2,2,high,s3,example-benchmark-corpus,corpus/Analysis/Voice/2026/09/28/call-000_analysis.json,us-west-2,2026-09-29T06:00:00+00:00,2026-09-29T06:00:00+00:00,none,scanner,https://us-west-2.console.aws.amazon.com/s3/object/example-benchmark-corpus?region=us-west-2&bucketType=general&prefix=corpus%2FAnalysis%2FVoice%2F2026%2F09%2F28%2Fcall-000_analysis.json&versionId=8d69bf6b-685e-4ba5-a701-2d8b69eda450
f4e6613c18778cd1dc167e1b4789b3fe,dob,medium,2,2,high,s3,example-benchmark-corpus,corpus/support/tickets-007.json,us-west-2,2026-09-29T06:00:00+00:00,2026-09-29T06:00:00+00:00,none,scanner,https://us-west-2.console.aws.amazon.com/s3/object/example-benchmark-corpus?region=us-west-2&bucketType=general&prefix=corpus%2Fsupport%2Ftickets-007.json&versionId=cc0c3206-248a-45dc-91db-2f207827e51f
0a5987ac6ace2bcef3eca41ff1bf3286,dob,medium,1,1,high,s3,example-benchmark-corpus,corpus/ChatTranscripts/2026/09/28/chat-028.json,us-west-2,2026-09-29T06:00:00+00:00,2026-09-29T06:00:00+00:00,none,scanner,https://us-west-2.console.aws.amazon.com/s3/object/example-benchmark-corpus?region=us-west-2&bucketType=general&prefix=corpus%2FChatTranscripts%2F2026%2F09%2F28%2Fchat-028.json&versionId=4694317f-e5e4-47e4-a8c6-456d8d2e1cf5
0fa38ffe714346ceb4dac0e4ca535de8,dob,medium,1,1,high,s3,example-benchmark-corpus,corpus/lex/PaymentsBot-012.jsonl,us-west-2,2026-09-29T06:00:00+00:00,2026-09-29T06:00:00+00:00,none,scanner,https://us-west-2.console.aws.amazon.com/s3/object/example-benchmark-corpus?region=us-west-2&bucketType=general&prefix=corpus%2Flex%2FPaymentsBot-012.jsonl&versionId=f5416e84-4af9-4b99-83c5-8adefdb8f99a
116255523f052353a3858f70ea988665,dob,medium,1,1,high,s3,example-benchmark-corpus,corpus/Analysis/Voice/2026/09/28/call-022_analysis.json,us-west-2,2026-09-29T06:00:00+00:00,2026-09-29T06:00:00+00:00,none,scanner,https://us-west-2.console.aws.amazon.com/s3/object/example-benchmark-corpus?region=us-west-2&bucketType=general&prefix=corpus%2FAnalysis%2FVoice%2F2026%2F09%2F28%2Fcall-022_analysis.json&versionId=48977b2c-f210-426f-8b93-017a9a232f22
12c069708e05a33269b8ba73d3491652,dob,medium,1,1,low,s3,example-benchmark-corpus,corpus/Analysis/Voice/2026/09/28/call-036_analysis.json,us-west-2,2026-09-29T06:00:00+00:00,2026-09-29T06:00:00+00:00,none,scanner,https://us-west-2.console.aws.amazon.com/s3/object/example-benchmark-corpus?region=us-west-2&bucketType=general&prefix=corpus%2FAnalysis%2FVoice%2F2026%2F09%2F28%2Fcall-036_analysis.json&versionId=814688dd-e170-4f43-a7f7-b9995e9ae1a3
15ce257d6c4f935c96f79835c504f76d,dob,medium,1,1,high,s3,example-benchmark-corpus,corpus/lex/PaymentsBot-002.jsonl,us-west-2,2026-09-29T06:00:00+00:00,2026-09-29T06:00:00+00:00,none,scanner,https://us-west-2.console.aws.amazon.com/s3/object/example-benchmark-corpus?region=us-west-2&bucketType=general&prefix=corpus%2Flex%2FPaymentsBot-002.jsonl&versionId=c0a93712-fe95-4e81-ba5b-16b45ad02a28
1714f1d1bcda4496de7fde50116e9eba,dob,medium,1,1,high,s3,example-benchmark-corpus,corpus/flow-logs/payments-017.jsonl,us-west-2,2026-09-29T06:00:00+00:00,2026-09-29T06:00:00+00:00,none,scanner,https://us-west-2.console.aws.amazon.com/s3/object/example-benchmark-corpus?region=us-west-2&bucketType=general&prefix=corpus%2Fflow-logs%2Fpayments-017.jsonl&versionId=c884da3e-018d-4838-90a1-4b9c3120a32a
1717f6350a8a9a7e8080d15e7a2ba7f6,dob,medium,1,1,high,s3,example-benchmark-corpus,corpus/ChatTranscripts/2026/09/28/chat-020.json,us-west-2,2026-09-29T06:00:00+00:00,2026-09-29T06:00:00+00:00,none,scanner,https://us-west-2.console.aws.amazon.com/s3/object/example-benchmark-corpus?region=us-west-2&bucketType=general&prefix=corpus%2FChatTranscripts%2F2026%2F09%2F28%2Fchat-020.json&versionId=b1c828df-b3b1-4df0-8193-2aa50443db20
17f229cf6365bc7bd2a33d71ec3447dd,dob,medium,1,1,low,s3,example-benchmark-corpus,corpus/Analysis/Voice/2026/09/28/call-012_analysis.json,us-west-2,2026-09-29T06:00:00+00:00,2026-09-29T06:00:00+00:00,none,scanner,https://us-west-2.console.aws.amazon.com/s3/object/example-benchmark-corpus?region=us-west-2&bucketType=general&prefix=corpus%2FAnalysis%2FVoice%2F2026%2F09%2F28%2Fcall-012_analysis.json&versionId=11d54931-ad19-402e-ba74-79b5ff894636
1b566a1ee525f4c7a688325d1179931b,dob,medium,1,1,high,s3,example-benchmark-corpus,corpus/ChatTranscripts/2026/09/28/chat-036.json,us-west-2,2026-09-29T06:00:00+00:00,2026-09-29T06:00:00+00:00,none,scanner,https://us-west-2.console.aws.amazon.com/s3/object/example-benchmark-corpus?region=us-west-2&bucketType=general&prefix=corpus%2FChatTranscripts%2F2026%2F09%2F28%2Fchat-036.json&versionId=69024207-e72e-49a2-ac19-3bc7862908b8
1c887f0dbf7e110fe7f69025f234edb9,dob,medium,1,1,high,s3,example-benchmark-corpus,corpus/support/tickets-005.json,us-west-2,2026-09-29T06:00:00+00:00,2026-09-29T06:00:00+00:00,none,scanner,https://us-west-2.console.aws.amazon.com/s3/object/example-benchmark-corpus?region=us-west-2&bucketType=general&prefix=corpus%2Fsupport%2Ftickets-005.json&versionId=2728a585-0467-487d-b18e-0e5d0fa79864
1e17f2878f7be968c78363567a3009cd,account_number,medium,1,1,high,s3,example-benchmark-corpus,corpus/ChatTranscripts/2026/09/28/chat-034.json,us-west-2,2026-09-29T06:00:00+00:00,2026-09-29T06:00:00+00:00,none,scanner,https://us-west-2.console.aws.amazon.com/s3/object/example-benchmark-corpus?region=us-west-2&bucketType=general&prefix=corpus%2FChatTranscripts%2F2026%2F09%2F28%2Fchat-034.json&versionId=7399f831-8a03-4b02-879e-570836a444e0
273a1f8f3a952a98b6dd69cf16bfed5e,account_number,medium,1,1,high,s3,example-benchmark-corpus,corpus/flow-logs/payments-007.jsonl,us-west-2,2026-09-29T06:00:00+00:00,2026-09-29T06:00:00+00:00,none,scanner,https://us-west-2.console.aws.amazon.com/s3/object/example-benchmark-corpus?region=us-west-2&bucketType=general&prefix=corpus%2Fflow-logs%2Fpayments-007.jsonl&versionId=6fff391c-9837-40bf-bce4-b6a9eee9eb23
28bb2a4fdfc80e0b5c22341cc1687eca,account_number,medium,1,1,high,s3,example-benchmark-corpus,corpus/flow-logs/payments-018.jsonl,us-west-2,2026-09-29T06:00:00+00:00,2026-09-29T06:00:00+00:00,none,scanner,https://us-west-2.console.aws.amazon.com/s3/object/example-benchmark-corpus?region=us-west-2&bucketType=general&prefix=corpus%2Fflow-logs%2Fpayments-018.jsonl&versionId=58289fc5-17d7-4480-acc5-e16edfab3b22
296c649303450e0dbc80362ff341bf62,dob,medium,1,1,high,s3,example-benchmark-corpus,corpus/support/mail/msg-016.eml,us-west-2,2026-09-29T06:00:00+00:00,2026-09-29T06:00:00+00:00,none,scanner,https://us-west-2.console.aws.amazon.com/s3/object/example-benchmark-corpus?region=us-west-2&bucketType=general&prefix=corpus%2Fsupport%2Fmail%2Fmsg-016.eml&versionId=34e3a5f9-3e63-4418-9e4e-4945e4492fc5
2b2c973dd92f9a6c76f87c391e56bc27,account_number,medium,1,1,high,s3,example-benchmark-corpus,corpus/ChatTranscripts/2026/09/28/chat-017.json,us-west-2,2026-09-29T06:00:00+00:00,2026-09-29T06:00:00+00:00,none,scanner,https://us-west-2.console.aws.amazon.com/s3/object/example-benchmark-corpus?region=us-west-2&bucketType=general&prefix=corpus%2FChatTranscripts%2F2026%2F09%2F28%2Fchat-017.json&versionId=2969d378-7069-438e-9833-06add9f6dcfe
2c3b12b5dd0e7af381e073d3053e8e03,dob,medium,1,1,high,s3,example-benchmark-corpus,corpus/ChatTranscripts/2026/09/28/chat-032.json,us-west-2,2026-09-29T06:00:00+00:00,2026-09-29T06:00:00+00:00,none,scanner,https://us-west-2.console.aws.amazon.com/s3/object/example-benchmark-corpus?region=us-west-2&bucketType=general&prefix=corpus%2FChatTranscripts%2F2026%2F09%2F28%2Fchat-032.json&versionId=01b386e6-9612-49ee-89f6-66042c6fc065
2c6a190f95fee042ee9b58d8dab6b119,dob,medium,1,1,high,s3,example-benchmark-corpus,corpus/lex/PaymentsBot-019.jsonl,us-west-2,2026-09-29T06:00:00+00:00,2026-09-29T06:00:00+00:00,none,scanner,https://us-west-2.console.aws.amazon.com/s3/object/example-benchmark-corpus?region=us-west-2&bucketType=general&prefix=corpus%2Flex%2FPaymentsBot-019.jsonl&versionId=4f82ab59-c0ab-4b9c-9154-3c85f515f4f5
2dd750c9010bf4605497de84ec6e6c96,dob,medium,1,1,high,s3,example-benchmark-corpus,corpus/docs/hr/offer-002.docx,us-west-2,2026-09-29T06:00:00+00:00,2026-09-29T06:00:00+00:00,none,scanner,https://us-west-2.console.aws.amazon.com/s3/object/example-benchmark-corpus?region=us-west-2&bucketType=general&prefix=corpus%2Fdocs%2Fhr%2Foffer-002.docx&versionId=b86752be-3f2f-4ca0-84fd-11fc64ff5a6f
2ed7647b9d8f02d09dab141b1bcfa54a,account_number,medium,1,1,high,s3,example-benchmark-corpus,corpus/ChatTranscripts/2026/09/28/chat-023.json,us-west-2,2026-09-29T06:00:00+00:00,2026-09-29T06:00:00+00:00,none,scanner,https://us-west-2.console.aws.amazon.com/s3/object/example-benchmark-corpus?region=us-west-2&bucketType=general&prefix=corpus%2FChatTranscripts%2F2026%2F09%2F28%2Fchat-023.json&versionId=b05bfd21-2b22-43e3-b222-a3710936dd16
32e31050d3335936667aa04dca742de4,dob,medium,1,1,high,s3,example-benchmark-corpus,corpus/ChatTranscripts/2026/09/28/chat-001.json,us-west-2,2026-09-29T06:00:00+00:00,2026-09-29T06:00:00+00:00,none,scanner,https://us-west-2.console.aws.amazon.com/s3/object/example-benchmark-corpus?region=us-west-2&bucketType=general&prefix=corpus%2FChatTranscripts%2F2026%2F09%2F28%2Fchat-001.json&versionId=e7463d58-ecd4-40b2-83a7-8135c15b1c24
37fe9cc3c2a3587f7f3923d5c3cb4a81,account_number,medium,1,1,high,s3,example-benchmark-corpus,corpus/ChatTranscripts/2026/09/28/chat-016.json,us-west-2,2026-09-29T06:00:00+00:00,2026-09-29T06:00:00+00:00,none,scanner,https://us-west-2.console.aws.amazon.com/s3/object/example-benchmark-corpus?region=us-west-2&bucketType=general&prefix=corpus%2FChatTranscripts%2F2026%2F09%2F28%2Fchat-016.json&versionId=5063af66-aad0-42b4-bed0-6336e70534b3
384c872188c7ab2d8c08b2e104754e3a,dob,medium,1,1,high,s3,example-benchmark-corpus,corpus/Analysis/Voice/2026/09/28/call-010_analysis.json,us-west-2,2026-09-29T06:00:00+00:00,2026-09-29T06:00:00+00:00,none,scanner,https://us-west-2.console.aws.amazon.com/s3/object/example-benchmark-corpus?region=us-west-2&bucketType=general&prefix=corpus%2FAnalysis%2FVoice%2F2026%2F09%2F28%2Fcall-010_analysis.json&versionId=b7f3a019-5d12-49c0-82bd-f251b7aa9e62
3968918680b06455784d6373716f385f,dob,medium,1,1,high,s3,example-benchmark-corpus,corpus/support/tickets-002.json,us-west-2,2026-09-29T06:00:00+00:00,2026-09-29T06:00:00+00:00,none,scanner,https://us-west-2.console.aws.amazon.com/s3/object/example-benchmark-corpus?region=us-west-2&bucketType=general&prefix=corpus%2Fsupport%2Ftickets-002.json&versionId=ae6e0733-4ccd-41a2-81ea-6055f463825d
3f4742c385613e77a24dd95cb26be2a3,account_number,medium,1,1,high,s3,example-benchmark-corpus,corpus/flow-logs/payments-017.jsonl,us-west-2,2026-09-29T06:00:00+00:00,2026-09-29T06:00:00+00:00,none,scanner,https://us-west-2.console.aws.amazon.com/s3/object/example-benchmark-corpus?region=us-west-2&bucketType=general&prefix=corpus%2Fflow-logs%2Fpayments-017.jsonl&versionId=c884da3e-018d-4838-90a1-4b9c3120a32a
3fcf2704a7a2c34ee367bb4381dd2c41,dob,medium,1,1,high,s3,example-benchmark-corpus,corpus/support/tickets-003.json,us-west-2,2026-09-29T06:00:00+00:00,2026-09-29T06:00:00+00:00,none,scanner,https://us-west-2.console.aws.amazon.com/s3/object/example-benchmark-corpus?region=us-west-2&bucketType=general&prefix=corpus%2Fsupport%2Ftickets-003.json&versionId=f61ad857-f795-4407-8dd9-efba41d5344e
418962449505079f68b205358dfb8cd6,dob,medium,1,1,high,s3,example-benchmark-corpus,corpus/lex/PaymentsBot-006.jsonl,us-west-2,2026-09-29T06:00:00+00:00,2026-09-29T06:00:00+00:00,none,scanner,https://us-west-2.console.aws.amazon.com/s3/object/example-benchmark-corpus?region=us-west-2&bucketType=general&prefix=corpus%2Flex%2FPaymentsBot-006.jsonl&versionId=e38e398c-b383-40d8-aeec-0fe1fa7a0803
419c840b4c51f6dc7fb04c460ed084c8,account_number,medium,1,1,high,s3,example-benchmark-corpus,corpus/lex/PaymentsBot-016.jsonl,us-west-2,2026-09-29T06:00:00+00:00,2026-09-29T06:00:00+00:00,none,scanner,https://us-west-2.console.aws.amazon.com/s3/object/example-benchmark-corpus?region=us-west-2&bucketType=general&prefix=corpus%2Flex%2FPaymentsBot-016.jsonl&versionId=cdc7a6b5-b962-4c1e-a7e1-1923a382c7aa
42581d6993208b8f6b39e35b9feb1f78,dob,medium,1,1,high,s3,example-benchmark-corpus,corpus/support/tickets-017.json,us-west-2,2026-09-29T06:00:00+00:00,2026-09-29T06:00:00+00:00,none,scanner,https://us-west-2.console.aws.amazon.com/s3/object/example-benchmark-corpus?region=us-west-2&bucketType=general&prefix=corpus%2Fsupport%2Ftickets-017.json&versionId=3ea588fe-c3b7-4e86-b8bd-d5ac5335c32e
43898a7bba9cb71b1210f17998dc1620,dob,medium,1,1,high,s3,example-benchmark-corpus,corpus/support/tickets-019.json,us-west-2,2026-09-29T06:00:00+00:00,2026-09-29T06:00:00+00:00,none,scanner,https://us-west-2.console.aws.amazon.com/s3/object/example-benchmark-corpus?region=us-west-2&bucketType=general&prefix=corpus%2Fsupport%2Ftickets-019.json&versionId=64dbfcbb-e07f-43ce-8b43-a1532e9095d4
4483e029bbc474f5bd5868e52896b1a6,account_number,medium,1,1,high,s3,example-benchmark-corpus,corpus/ChatTranscripts/2026/09/28/chat-009.json,us-west-2,2026-09-29T06:00:00+00:00,2026-09-29T06:00:00+00:00,none,scanner,https://us-west-2.console.aws.amazon.com/s3/object/example-benchmark-corpus?region=us-west-2&bucketType=general&prefix=corpus%2FChatTranscripts%2F2026%2F09%2F28%2Fchat-009.json&versionId=b25b0218-c0cc-47b6-bd00-4b7dcdc4b3f1
4549501ec6a3f26199fe716ed9083d95,dob,medium,1,1,high,s3,example-benchmark-corpus,corpus/lex/PaymentsBot-009.jsonl,us-west-2,2026-09-29T06:00:00+00:00,2026-09-29T06:00:00+00:00,none,scanner,https://us-west-2.console.aws.amazon.com/s3/object/example-benchmark-corpus?region=us-west-2&bucketType=general&prefix=corpus%2Flex%2FPaymentsBot-009.jsonl&versionId=966e2934-9acc-4a41-ad84-5169f09e80b1
4608fabaeb045aafe930ab2d089750d0,dob,medium,1,1,high,s3,example-benchmark-corpus,corpus/docs/hr/offer-005.docx,us-west-2,2026-09-29T06:00:00+00:00,2026-09-29T06:00:00+00:00,none,scanner,https://us-west-2.console.aws.amazon.com/s3/object/example-benchmark-corpus?region=us-west-2&bucketType=general&prefix=corpus%2Fdocs%2Fhr%2Foffer-005.docx&versionId=59ec53d0-6887-489f-884f-77b813e45c6f
485fc153a998ff8e8b6728eef7ae6340,account_number,medium,1,1,high,s3,example-benchmark-corpus,corpus/flow-logs/payments-010.jsonl,us-west-2,2026-09-29T06:00:00+00:00,2026-09-29T06:00:00+00:00,none,scanner,https://us-west-2.console.aws.amazon.com/s3/object/example-benchmark-corpus?region=us-west-2&bucketType=general&prefix=corpus%2Fflow-logs%2Fpayments-010.jsonl&versionId=6e325710-871a-4b59-8925-d0eb9abc13d1
4ac2422f7b007de59716d1b711e35d59,account_number,medium,1,1,high,s3,example-benchmark-corpus,corpus/lex/PaymentsBot-004.jsonl,us-west-2,2026-09-29T06:00:00+00:00,2026-09-29T06:00:00+00:00,none,scanner,https://us-west-2.console.aws.amazon.com/s3/object/example-benchmark-corpus?region=us-west-2&bucketType=general&prefix=corpus%2Flex%2FPaymentsBot-004.jsonl&versionId=befb961b-c2e6-4e04-9666-402aecffda4f
4ba96072d46fe7ae79ae72fb1422eb98,dob,medium,1,1,high,s3,example-benchmark-corpus,corpus/ChatTranscripts/2026/09/28/chat-016.json,us-west-2,2026-09-29T06:00:00+00:00,2026-09-29T06:00:00+00:00,none,scanner,https://us-west-2.console.aws.amazon.com/s3/object/example-benchmark-corpus?region=us-west-2&bucketType=general&prefix=corpus%2FChatTranscripts%2F2026%2F09%2F28%2Fchat-016.json&versionId=5063af66-aad0-42b4-bed0-6336e70534b3
4bdc630bca746297c555f199772605c1,dob,medium,1,1,high,s3,example-benchmark-corpus,corpus/support/tickets-012.json,us-west-2,2026-09-29T06:00:00+00:00,2026-09-29T06:00:00+00:00,none,scanner,https://us-west-2.console.aws.amazon.com/s3/object/example-benchmark-corpus?region=us-west-2&bucketType=general&prefix=corpus%2Fsupport%2Ftickets-012.json&versionId=5b651cdb-bda7-45ed-aea8-d81e98f70531
4ce88ac4d330e0c3b24a04a4ae574c64,account_number,medium,1,1,high,s3,example-benchmark-corpus,corpus/ChatTranscripts/2026/09/28/chat-025.json,us-west-2,2026-09-29T06:00:00+00:00,2026-09-29T06:00:00+00:00,none,scanner,https://us-west-2.console.aws.amazon.com/s3/object/example-benchmark-corpus?region=us-west-2&bucketType=general&prefix=corpus%2FChatTranscripts%2F2026%2F09%2F28%2Fchat-025.json&versionId=9fa9df52-0fc8-4980-a8e4-d45e557511d4
4d28257b94604aa006d4501f2cbb5dc2,dob,medium,1,1,high,s3,example-benchmark-corpus,corpus/lex/PaymentsBot-008.jsonl,us-west-2,2026-09-29T06:00:00+00:00,2026-09-29T06:00:00+00:00,none,scanner,https://us-west-2.console.aws.amazon.com/s3/object/example-benchmark-corpus?region=us-west-2&bucketType=general&prefix=corpus%2Flex%2FPaymentsBot-008.jsonl&versionId=d4840ef6-0367-4678-957f-3d6bc4fba5fa
4e783eb19d5e7389cf4f7642a4b0a4dc,account_number,medium,1,1,high,s3,example-benchmark-corpus,corpus/flow-logs/payments-006.jsonl,us-west-2,2026-09-29T06:00:00+00:00,2026-09-29T06:00:00+00:00,none,scanner,https://us-west-2.console.aws.amazon.com/s3/object/example-benchmark-corpus?region=us-west-2&bucketType=general&prefix=corpus%2Fflow-logs%2Fpayments-006.jsonl&versionId=369bcaee-cafe-49dc-81e6-cc1dc7ce6898
4f99cb3ad6fd7b6e174f4731e827d813,dob,medium,1,1,high,s3,example-benchmark-corpus,corpus/ChatTranscripts/2026/09/28/chat-009.json,us-west-2,2026-09-29T06:00:00+00:00,2026-09-29T06:00:00+00:00,none,scanner,https://us-west-2.console.aws.amazon.com/s3/object/example-benchmark-corpus?region=us-west-2&bucketType=general&prefix=corpus%2FChatTranscripts%2F2026%2F09%2F28%2Fchat-009.json&versionId=b25b0218-c0cc-47b6-bd00-4b7dcdc4b3f1
5469723d35eac695da1f82c3a49fa56a,dob,medium,1,1,high,s3,example-benchmark-corpus,corpus/support/tickets-010.json,us-west-2,2026-09-29T06:00:00+00:00,2026-09-29T06:00:00+00:00,none,scanner,https://us-west-2.console.aws.amazon.com/s3/object/example-benchmark-corpus?region=us-west-2&bucketType=general&prefix=corpus%2Fsupport%2Ftickets-010.json&versionId=e601cd38-792a-449c-a142-10278d6feeea
56f564faf9e2cfd7dc9d9e26be9ce3c7,dob,medium,1,1,high,s3,example-benchmark-corpus,corpus/flow-logs/payments-002.jsonl,us-west-2,2026-09-29T06:00:00+00:00,2026-09-29T06:00:00+00:00,none,scanner,https://us-west-2.console.aws.amazon.com/s3/object/example-benchmark-corpus?region=us-west-2&bucketType=general&prefix=corpus%2Fflow-logs%2Fpayments-002.jsonl&versionId=c4cda403-6eba-434a-aa9c-bdc2b778e6a8
58eab6348705024a4be1a58f9a8bc65b,dob,medium,1,1,low,s3,example-benchmark-corpus,corpus/Analysis/Voice/2026/09/28/call-004_analysis.json,us-west-2,2026-09-29T06:00:00+00:00,2026-09-29T06:00:00+00:00,none,scanner,https://us-west-2.console.aws.amazon.com/s3/object/example-benchmark-corpus?region=us-west-2&bucketType=general&prefix=corpus%2FAnalysis%2FVoice%2F2026%2F09%2F28%2Fcall-004_analysis.json&versionId=d06e2106-e8a3-4534-9144-aa9262f93a88
5e43117da615ce0b71f5eb070d076add,dob,medium,1,1,high,s3,example-benchmark-corpus,corpus/docs/hr/offer-000.docx,us-west-2,2026-09-29T06:00:00+00:00,2026-09-29T06:00:00+00:00,none,scanner,https://us-west-2.console.aws.amazon.com/s3/object/example-benchmark-corpus?region=us-west-2&bucketType=general&prefix=corpus%2Fdocs%2Fhr%2Foffer-000.docx&versionId=f2856637-bd1e-42cd-bc7f-a91cd7d9b910
60a7268c68106b1dec549a80b1e9a935,dob,medium,1,1,high,s3,example-benchmark-corpus,corpus/flow-logs/payments-006.jsonl,us-west-2,2026-09-29T06:00:00+00:00,2026-09-29T06:00:00+00:00,none,scanner,https://us-west-2.console.aws.amazon.com/s3/object/example-benchmark-corpus?region=us-west-2&bucketType=general&prefix=corpus%2Fflow-logs%2Fpayments-006.jsonl&versionId=369bcaee-cafe-49dc-81e6-cc1dc7ce6898
6a451eefa813c1fdc179d1ccd12afb29,dob,medium,1,1,high,s3,example-benchmark-corpus,corpus/support/tickets-004.json,us-west-2,2026-09-29T06:00:00+00:00,2026-09-29T06:00:00+00:00,none,scanner,https://us-west-2.console.aws.amazon.com/s3/object/example-benchmark-corpus?region=us-west-2&bucketType=general&prefix=corpus%2Fsupport%2Ftickets-004.json&versionId=839e3806-d005-4f29-94b0-004f6d42f4f5
6b2b1a09e90a24e1c0af4d1a3f4eb2a7,account_number,medium,1,1,high,s3,example-benchmark-corpus,corpus/flow-logs/payments-003.jsonl,us-west-2,2026-09-29T06:00:00+00:00,2026-09-29T06:00:00+00:00,none,scanner,https://us-west-2.console.aws.amazon.com/s3/object/example-benchmark-corpus?region=us-west-2&bucketType=general&prefix=corpus%2Fflow-logs%2Fpayments-003.jsonl&versionId=43f282b0-8a7b-4d38-a64c-d5f8906660cf
6b323f49a01e19bb832704e92686ee2d,account_number,medium,1,1,high,s3,example-benchmark-corpus,corpus/lex/PaymentsBot-009.jsonl,us-west-2,2026-09-29T06:00:00+00:00,2026-09-29T06:00:00+00:00,none,scanner,https://us-west-2.console.aws.amazon.com/s3/object/example-benchmark-corpus?region=us-west-2&bucketType=general&prefix=corpus%2Flex%2FPaymentsBot-009.jsonl&versionId=966e2934-9acc-4a41-ad84-5169f09e80b1
6c9ce9e6bd7dffa404c1e1d7bde32dfb,dob,medium,1,1,high,s3,example-benchmark-corpus,corpus/support/mail/msg-017.eml,us-west-2,2026-09-29T06:00:00+00:00,2026-09-29T06:00:00+00:00,none,scanner,https://us-west-2.console.aws.amazon.com/s3/object/example-benchmark-corpus?region=us-west-2&bucketType=general&prefix=corpus%2Fsupport%2Fmail%2Fmsg-017.eml&versionId=b2a7ee02-f86b-4cf0-9ae1-dc77a64a5629
6d877da31f5856ef4a4000cab3b24c08,dob,medium,1,1,high,s3,example-benchmark-corpus,corpus/lex/PaymentsBot-010.jsonl,us-west-2,2026-09-29T06:00:00+00:00,2026-09-29T06:00:00+00:00,none,scanner,https://us-west-2.console.aws.amazon.com/s3/object/example-benchmark-corpus?region=us-west-2&bucketType=general&prefix=corpus%2Flex%2FPaymentsBot-010.jsonl&versionId=8705bdd3-7491-4907-8d17-38e075c2034a
6daa2b2632941186a1013bb03ea220cf,dob,medium,1,1,high,s3,example-benchmark-corpus,corpus/flow-logs/payments-010.jsonl,us-west-2,2026-09-29T06:00:00+00:00,2026-09-29T06:00:00+00:00,none,scanner,https://us-west-2.console.aws.amazon.com/s3/object/example-benchmark-corpus?region=us-west-2&bucketType=general&prefix=corpus%2Fflow-logs%2Fpayments-010.jsonl&versionId=6e325710-871a-4b59-8925-d0eb9abc13d1
6f66143a5f614e0552e9b18320c2cf36,dob,medium,1,1,high,s3,example-benchmark-corpus,corpus/flow-logs/payments-005.jsonl,us-west-2,2026-09-29T06:00:00+00:00,2026-09-29T06:00:00+00:00,none,scanner,https://us-west-2.console.aws.amazon.com/s3/object/example-benchmark-corpus?region=us-west-2&bucketType=general&prefix=corpus%2Fflow-logs%2Fpayments-005.jsonl&versionId=2c79d6dc-d050-41fa-aca1-64642bba4d10
70d722212b027bffeb3b728a49a2889e,dob,medium,1,1,low,s3,example-benchmark-corpus,corpus/Analysis/Voice/2026/09/28/call-033_analysis.json,us-west-2,2026-09-29T06:00:00+00:00,2026-09-29T06:00:00+00:00,none,scanner,https://us-west-2.console.aws.amazon.com/s3/object/example-benchmark-corpus?region=us-west-2&bucketType=general&prefix=corpus%2FAnalysis%2FVoice%2F2026%2F09%2F28%2Fcall-033_analysis.json&versionId=42640607-e2c1-472f-b08e-c69182a0a26a
7214fc5586d6fbdcb565721b54c2925b,dob,medium,1,1,high,s3,example-benchmark-corpus,corpus/support/tickets-013.json,us-west-2,2026-09-29T06:00:00+00:00,2026-09-29T06:00:00+00:00,none,scanner,https://us-west-2.console.aws.amazon.com/s3/object/example-benchmark-corpus?region=us-west-2&bucketType=general&prefix=corpus%2Fsupport%2Ftickets-013.json&versionId=5522df93-349d-4a6b-b1db-5941dc05d911
72efa0c17ae719a32ca179f08a5b0501,dob,medium,1,1,high,s3,example-benchmark-corpus,corpus/flow-logs/payments-018.jsonl,us-west-2,2026-09-29T06:00:00+00:00,2026-09-29T06:00:00+00:00,none,scanner,https://us-west-2.console.aws.amazon.com/s3/object/example-benchmark-corpus?region=us-west-2&bucketType=general&prefix=corpus%2Fflow-logs%2Fpayments-018.jsonl&versionId=58289fc5-17d7-4480-acc5-e16edfab3b22
73a6194560d7d2da3cb10370797f18bf,dob,medium,1,1,high,s3,example-benchmark-corpus,corpus/ChatTranscripts/2026/09/28/chat-024.json,us-west-2,2026-09-29T06:00:00+00:00,2026-09-29T06:00:00+00:00,none,scanner,https://us-west-2.console.aws.amazon.com/s3/object/example-benchmark-corpus?region=us-west-2&bucketType=general&prefix=corpus%2FChatTranscripts%2F2026%2F09%2F28%2Fchat-024.json&versionId=6f24eb0f-0375-4c66-b115-7c925226a490
76cbaf835cff5d1ad85e96b825a945fd,dob,medium,1,1,high,s3,example-benchmark-corpus,corpus/ChatTranscripts/2026/09/28/chat-023.json,us-west-2,2026-09-29T06:00:00+00:00,2026-09-29T06:00:00+00:00,none,scanner,https://us-west-2.console.aws.amazon.com/s3/object/example-benchmark-corpus?region=us-west-2&bucketType=general&prefix=corpus%2FChatTranscripts%2F2026%2F09%2F28%2Fchat-023.json&versionId=b05bfd21-2b22-43e3-b222-a3710936dd16
77939a1972f709c24f97faead1f045e5,dob,medium,1,1,high,s3,example-benchmark-corpus,corpus/ChatTranscripts/2026/09/28/chat-011.json,us-west-2,2026-09-29T06:00:00+00:00,2026-09-29T06:00:00+00:00,none,scanner,https://us-west-2.console.aws.amazon.com/s3/object/example-benchmark-corpus?region=us-west-2&bucketType=general&prefix=corpus%2FChatTranscripts%2F2026%2F09%2F28%2Fchat-011.json&versionId=687a38ef-583b-4dfe-927c-708d25b22dcd
796f70dbccef19c944d9e105e0a62714,account_number,medium,1,1,high,s3,example-benchmark-corpus,corpus/lex/PaymentsBot-005.jsonl,us-west-2,2026-09-29T06:00:00+00:00,2026-09-29T06:00:00+00:00,none,scanner,https://us-west-2.console.aws.amazon.com/s3/object/example-benchmark-corpus?region=us-west-2&bucketType=general&prefix=corpus%2Flex%2FPaymentsBot-005.jsonl&versionId=ed3c842a-a8e4-482f-8b87-4ee07fb623e9
7d5d14e5fade78536d0eea0fc1069e6b,account_number,medium,1,1,high,s3,example-benchmark-corpus,corpus/ChatTranscripts/2026/09/28/chat-032.json,us-west-2,2026-09-29T06:00:00+00:00,2026-09-29T06:00:00+00:00,none,scanner,https://us-west-2.console.aws.amazon.com/s3/object/example-benchmark-corpus?region=us-west-2&bucketType=general&prefix=corpus%2FChatTranscripts%2F2026%2F09%2F28%2Fchat-032.json&versionId=01b386e6-9612-49ee-89f6-66042c6fc065
893a5b534f465296247393281d7d9647,dob,medium,1,1,high,s3,example-benchmark-corpus,corpus/flow-logs/payments-012.jsonl,us-west-2,2026-09-29T06:00:00+00:00,2026-09-29T06:00:00+00:00,none,scanner,https://us-west-2.console.aws.amazon.com/s3/object/example-benchmark-corpus?region=us-west-2&bucketType=general&prefix=corpus%2Fflow-logs%2Fpayments-012.jsonl&versionId=bfa13a62-7c30-4c6a-b21e-28867a4b3660
8bf1f682d6a6795608e3b610e5edbdc4,dob,medium,1,1,high,s3,example-benchmark-corpus,corpus/ChatTranscripts/2026/09/28/chat-029.json,us-west-2,2026-09-29T06:00:00+00:00,2026-09-29T06:00:00+00:00,none,scanner,https://us-west-2.console.aws.amazon.com/s3/object/example-benchmark-corpus?region=us-west-2&bucketType=general&prefix=corpus%2FChatTranscripts%2F2026%2F09%2F28%2Fchat-029.json&versionId=1ecf568d-f933-4f0a-ba6f-02600f31f6af
8e5121ff81a340786586436c239761b6,dob,medium,1,1,low,s3,example-benchmark-corpus,corpus/Analysis/Voice/2026/09/28/call-019_analysis.json,us-west-2,2026-09-29T06:00:00+00:00,2026-09-29T06:00:00+00:00,none,scanner,https://us-west-2.console.aws.amazon.com/s3/object/example-benchmark-corpus?region=us-west-2&bucketType=general&prefix=corpus%2FAnalysis%2FVoice%2F2026%2F09%2F28%2Fcall-019_analysis.json&versionId=1948d6d7-2e21-4b88-baa4-03eed5909a94
8f192a4710ad6434bf46fdd4e3800981,dob,medium,1,1,high,s3,example-benchmark-corpus,corpus/Analysis/Voice/2026/09/28/call-032_analysis.json,us-west-2,2026-09-29T06:00:00+00:00,2026-09-29T06:00:00+00:00,none,scanner,https://us-west-2.console.aws.amazon.com/s3/object/example-benchmark-corpus?region=us-west-2&bucketType=general&prefix=corpus%2FAnalysis%2FVoice%2F2026%2F09%2F28%2Fcall-032_analysis.json&versionId=d075d57e-f36c-4cbc-ba69-8a9b262fcb6f
953e3b4025ecc82807a1e54328b15d5b,account_number,medium,1,1,high,s3,example-benchmark-corpus,corpus/ChatTranscripts/2026/09/28/chat-020.json,us-west-2,2026-09-29T06:00:00+00:00,2026-09-29T06:00:00+00:00,none,scanner,https://us-west-2.console.aws.amazon.com/s3/object/example-benchmark-corpus?region=us-west-2&bucketType=general&prefix=corpus%2FChatTranscripts%2F2026%2F09%2F28%2Fchat-020.json&versionId=b1c828df-b3b1-4df0-8193-2aa50443db20
99cbc9d32b263a837503722c15990221,dob,medium,1,1,high,s3,example-benchmark-corpus,corpus/support/mail/msg-001.eml,us-west-2,2026-09-29T06:00:00+00:00,2026-09-29T06:00:00+00:00,none,scanner,https://us-west-2.console.aws.amazon.com/s3/object/example-benchmark-corpus?region=us-west-2&bucketType=general&prefix=corpus%2Fsupport%2Fmail%2Fmsg-001.eml&versionId=814abc34-75e1-4adc-8050-31cb1aaa29d1
9bfd7a9d45f02cf917a52fb0c05cf90f,account_number,medium,1,1,high,s3,example-benchmark-corpus,corpus/ChatTranscripts/2026/09/28/chat-011.json,us-west-2,2026-09-29T06:00:00+00:00,2026-09-29T06:00:00+00:00,none,scanner,https://us-west-2.console.aws.amazon.com/s3/object/example-benchmark-corpus?region=us-west-2&bucketType=general&prefix=corpus%2FChatTranscripts%2F2026%2F09%2F28%2Fchat-011.json&versionId=687a38ef-583b-4dfe-927c-708d25b22dcd
a01cdbea4a3c96adab5b4695039371c7,dob,medium,1,1,high,s3,example-benchmark-corpus,corpus/support/tickets-001.json,us-west-2,2026-09-29T06:00:00+00:00,2026-09-29T06:00:00+00:00,none,scanner,https://us-west-2.console.aws.amazon.com/s3/object/example-benchmark-corpus?region=us-west-2&bucketType=general&prefix=corpus%2Fsupport%2Ftickets-001.json&versionId=133e2821-6b5f-471f-bcd3-7b539e1197f2
a31e45a03d361c6d00d7e57ed270c783,account_number,medium,1,1,high,s3,example-benchmark-corpus,corpus/lex/PaymentsBot-006.jsonl,us-west-2,2026-09-29T06:00:00+00:00,2026-09-29T06:00:00+00:00,none,scanner,https://us-west-2.console.aws.amazon.com/s3/object/example-benchmark-corpus?region=us-west-2&bucketType=general&prefix=corpus%2Flex%2FPaymentsBot-006.jsonl&versionId=e38e398c-b383-40d8-aeec-0fe1fa7a0803
a38068f047e02c19593562ef9e084913,account_number,medium,1,1,high,s3,example-benchmark-corpus,corpus/ChatTranscripts/2026/09/28/chat-036.json,us-west-2,2026-09-29T06:00:00+00:00,2026-09-29T06:00:00+00:00,none,scanner,https://us-west-2.console.aws.amazon.com/s3/object/example-benchmark-corpus?region=us-west-2&bucketType=general&prefix=corpus%2FChatTranscripts%2F2026%2F09%2F28%2Fchat-036.json&versionId=69024207-e72e-49a2-ac19-3bc7862908b8
a3abf5c2170874286a50182343055a59,dob,medium,1,1,high,s3,example-benchmark-corpus,corpus/flow-logs/payments-019.jsonl,us-west-2,2026-09-29T06:00:00+00:00,2026-09-29T06:00:00+00:00,none,scanner,https://us-west-2.console.aws.amazon.com/s3/object/example-benchmark-corpus?region=us-west-2&bucketType=general&prefix=corpus%2Fflow-logs%2Fpayments-019.jsonl&versionId=02823515-10e2-4092-bb9b-1e5bea5fd311
a6ebb185f4aa9ebfb7d4041ff199861f,dob,medium,1,1,high,s3,example-benchmark-corpus,corpus/lex/PaymentsBot-013.jsonl,us-west-2,2026-09-29T06:00:00+00:00,2026-09-29T06:00:00+00:00,none,scanner,https://us-west-2.console.aws.amazon.com/s3/object/example-benchmark-corpus?region=us-west-2&bucketType=general&prefix=corpus%2Flex%2FPaymentsBot-013.jsonl&versionId=ef8bafbd-ceb2-43e8-a348-a1883c9b9ff6
a88d5643911f58cf9fad3d2cca4eb12e,dob,medium,1,1,high,s3,example-benchmark-corpus,corpus/ChatTranscripts/2026/09/28/chat-039.json,us-west-2,2026-09-29T06:00:00+00:00,2026-09-29T06:00:00+00:00,none,scanner,https://us-west-2.console.aws.amazon.com/s3/object/example-benchmark-corpus?region=us-west-2&bucketType=general&prefix=corpus%2FChatTranscripts%2F2026%2F09%2F28%2Fchat-039.json&versionId=8f41fee2-92f2-462c-b972-e407e8e14d94
a9930d506ebacf73d6947bc7033cf517,dob,medium,1,1,high,s3,example-benchmark-corpus,corpus/docs/hr/offer-001.docx,us-west-2,2026-09-29T06:00:00+00:00,2026-09-29T06:00:00+00:00,none,scanner,https://us-west-2.console.aws.amazon.com/s3/object/example-benchmark-corpus?region=us-west-2&bucketType=general&prefix=corpus%2Fdocs%2Fhr%2Foffer-001.docx&versionId=a7c47d47-de9b-4fd5-b0c4-427eb179ea33
a9bab34746dea8c30dde141b8faf15d9,account_number,medium,1,1,high,s3,example-benchmark-corpus,corpus/lex/PaymentsBot-007.jsonl,us-west-2,2026-09-29T06:00:00+00:00,2026-09-29T06:00:00+00:00,none,scanner,https://us-west-2.console.aws.amazon.com/s3/object/example-benchmark-corpus?region=us-west-2&bucketType=general&prefix=corpus%2Flex%2FPaymentsBot-007.jsonl&versionId=22130612-01b0-43b3-81d3-e15806db248f
a9f7facff8698e20cbc15108aa5fee9a,dob,medium,1,1,high,s3,example-benchmark-corpus,corpus/support/mail/msg-009.eml,us-west-2,2026-09-29T06:00:00+00:00,2026-09-29T06:00:00+00:00,none,scanner,https://us-west-2.console.aws.amazon.com/s3/object/example-benchmark-corpus?region=us-west-2&bucketType=general&prefix=corpus%2Fsupport%2Fmail%2Fmsg-009.eml&versionId=fe6312d1-17e5-44f8-ad13-b99d166a4dc3
aa8403b929abbf20eff10908c74a1cae,dob,medium,1,1,high,s3,example-benchmark-corpus,corpus/support/tickets-016.json,us-west-2,2026-09-29T06:00:00+00:00,2026-09-29T06:00:00+00:00,none,scanner,https://us-west-2.console.aws.amazon.com/s3/object/example-benchmark-corpus?region=us-west-2&bucketType=general&prefix=corpus%2Fsupport%2Ftickets-016.json&versionId=371c9fe1-4ee4-4d30-9b91-c6ad4c7bc52a
aab38d3e5fe084871e852b0c6574397c,dob,medium,1,1,high,s3,example-benchmark-corpus,corpus/ChatTranscripts/2026/09/28/chat-017.json,us-west-2,2026-09-29T06:00:00+00:00,2026-09-29T06:00:00+00:00,none,scanner,https://us-west-2.console.aws.amazon.com/s3/object/example-benchmark-corpus?region=us-west-2&bucketType=general&prefix=corpus%2FChatTranscripts%2F2026%2F09%2F28%2Fchat-017.json&versionId=2969d378-7069-438e-9833-06add9f6dcfe
ac94007f12b6ae481775c90a7f5aa161,account_number,medium,1,1,high,s3,example-benchmark-corpus,corpus/flow-logs/payments-019.jsonl,us-west-2,2026-09-29T06:00:00+00:00,2026-09-29T06:00:00+00:00,none,scanner,https://us-west-2.console.aws.amazon.com/s3/object/example-benchmark-corpus?region=us-west-2&bucketType=general&prefix=corpus%2Fflow-logs%2Fpayments-019.jsonl&versionId=02823515-10e2-4092-bb9b-1e5bea5fd311
ada5233c30ab7b7dd337ba51122af04c,account_number,medium,1,1,high,s3,example-benchmark-corpus,corpus/flow-logs/payments-008.jsonl,us-west-2,2026-09-29T06:00:00+00:00,2026-09-29T06:00:00+00:00,none,scanner,https://us-west-2.console.aws.amazon.com/s3/object/example-benchmark-corpus?region=us-west-2&bucketType=general&prefix=corpus%2Fflow-logs%2Fpayments-008.jsonl&versionId=11d700f7-d319-437a-9c98-156172fd38c3
af9122506a7b2a8ed71b4ec32945d7e5,dob,medium,1,1,high,s3,example-benchmark-corpus,corpus/support/tickets-018.json,us-west-2,2026-09-29T06:00:00+00:00,2026-09-29T06:00:00+00:00,none,scanner,https://us-west-2.console.aws.amazon.com/s3/object/example-benchmark-corpus?region=us-west-2&bucketType=general&prefix=corpus%2Fsupport%2Ftickets-018.json&versionId=fec51fa9-e2c6-4dc5-9e00-3e0ce2392c98
b02dfa43f36acdb82031f0658dcfbd36,dob,medium,1,1,high,s3,example-benchmark-corpus,corpus/ChatTranscripts/2026/09/28/chat-025.json,us-west-2,2026-09-29T06:00:00+00:00,2026-09-29T06:00:00+00:00,none,scanner,https://us-west-2.console.aws.amazon.com/s3/object/example-benchmark-corpus?region=us-west-2&bucketType=general&prefix=corpus%2FChatTranscripts%2F2026%2F09%2F28%2Fchat-025.json&versionId=9fa9df52-0fc8-4980-a8e4-d45e557511d4
b50c059d7bd2bd99d5dd600b2c331039,account_number,medium,1,1,high,s3,example-benchmark-corpus,corpus/ChatTranscripts/2026/09/28/chat-029.json,us-west-2,2026-09-29T06:00:00+00:00,2026-09-29T06:00:00+00:00,none,scanner,https://us-west-2.console.aws.amazon.com/s3/object/example-benchmark-corpus?region=us-west-2&bucketType=general&prefix=corpus%2FChatTranscripts%2F2026%2F09%2F28%2Fchat-029.json&versionId=1ecf568d-f933-4f0a-ba6f-02600f31f6af
c14984c59b16fc88503d6aa3dd4c22d0,dob,medium,1,1,high,s3,example-benchmark-corpus,corpus/Analysis/Voice/2026/09/28/call-018_analysis.json,us-west-2,2026-09-29T06:00:00+00:00,2026-09-29T06:00:00+00:00,none,scanner,https://us-west-2.console.aws.amazon.com/s3/object/example-benchmark-corpus?region=us-west-2&bucketType=general&prefix=corpus%2FAnalysis%2FVoice%2F2026%2F09%2F28%2Fcall-018_analysis.json&versionId=2ba4e005-3a7d-44f9-b327-95c7139e0cf7
c677da39d8ef401d2eba2c77b92d5163,dob,medium,1,1,high,s3,example-benchmark-corpus,corpus/Analysis/Voice/2026/09/28/call-023_analysis.json,us-west-2,2026-09-29T06:00:00+00:00,2026-09-29T06:00:00+00:00,none,scanner,https://us-west-2.console.aws.amazon.com/s3/object/example-benchmark-corpus?region=us-west-2&bucketType=general&prefix=corpus%2FAnalysis%2FVoice%2F2026%2F09%2F28%2Fcall-023_analysis.json&versionId=6179f32c-21df-4f2a-b4df-9499e9f1b007
caab5ca17e9c324adf248a8845eec531,dob,medium,1,1,high,s3,example-benchmark-corpus,corpus/flow-logs/payments-011.jsonl,us-west-2,2026-09-29T06:00:00+00:00,2026-09-29T06:00:00+00:00,none,scanner,https://us-west-2.console.aws.amazon.com/s3/object/example-benchmark-corpus?region=us-west-2&bucketType=general&prefix=corpus%2Fflow-logs%2Fpayments-011.jsonl&versionId=66172b1e-b251-4257-8e23-6ffc12cc10f4
cb5461877e6b5704733b59fa6b06db19,account_number,medium,1,1,high,s3,example-benchmark-corpus,corpus/ChatTranscripts/2026/09/28/chat-024.json,us-west-2,2026-09-29T06:00:00+00:00,2026-09-29T06:00:00+00:00,none,scanner,https://us-west-2.console.aws.amazon.com/s3/object/example-benchmark-corpus?region=us-west-2&bucketType=general&prefix=corpus%2FChatTranscripts%2F2026%2F09%2F28%2Fchat-024.json&versionId=6f24eb0f-0375-4c66-b115-7c925226a490
cc8ed7362494d7ec68e09e95028b2261,dob,medium,1,1,high,s3,example-benchmark-corpus,corpus/docs/hr/offer-003.docx,us-west-2,2026-09-29T06:00:00+00:00,2026-09-29T06:00:00+00:00,none,scanner,https://us-west-2.console.aws.amazon.com/s3/object/example-benchmark-corpus?region=us-west-2&bucketType=general&prefix=corpus%2Fdocs%2Fhr%2Foffer-003.docx&versionId=24eb115b-8e0d-4a87-97a2-378ced56d3cd
d17fb3570a9205c27a0329e5860115aa,account_number,medium,1,1,high,s3,example-benchmark-corpus,corpus/ChatTranscripts/2026/09/28/chat-028.json,us-west-2,2026-09-29T06:00:00+00:00,2026-09-29T06:00:00+00:00,none,scanner,https://us-west-2.console.aws.amazon.com/s3/object/example-benchmark-corpus?region=us-west-2&bucketType=general&prefix=corpus%2FChatTranscripts%2F2026%2F09%2F28%2Fchat-028.json&versionId=4694317f-e5e4-47e4-a8c6-456d8d2e1cf5
d421adcc6fe97c14417c8ede89a9b06d,dob,medium,1,1,high,s3,example-benchmark-corpus,corpus/support/tickets-008.json,us-west-2,2026-09-29T06:00:00+00:00,2026-09-29T06:00:00+00:00,none,scanner,https://us-west-2.console.aws.amazon.com/s3/object/example-benchmark-corpus?region=us-west-2&bucketType=general&prefix=corpus%2Fsupport%2Ftickets-008.json&versionId=b2a8db79-4aac-463e-aa90-dc86d9c87b43
d7dc218eaf2457cc53b4b0e24efaaa7b,dob,medium,1,1,high,s3,example-benchmark-corpus,corpus/docs/hr/offer-004.docx,us-west-2,2026-09-29T06:00:00+00:00,2026-09-29T06:00:00+00:00,none,scanner,https://us-west-2.console.aws.amazon.com/s3/object/example-benchmark-corpus?region=us-west-2&bucketType=general&prefix=corpus%2Fdocs%2Fhr%2Foffer-004.docx&versionId=f83d7f2f-d10e-4c32-89d5-89bdc1490aac
dc7f47ee6404036f547b7302d7504166,account_number,medium,1,1,high,s3,example-benchmark-corpus,corpus/ChatTranscripts/2026/09/28/chat-039.json,us-west-2,2026-09-29T06:00:00+00:00,2026-09-29T06:00:00+00:00,none,scanner,https://us-west-2.console.aws.amazon.com/s3/object/example-benchmark-corpus?region=us-west-2&bucketType=general&prefix=corpus%2FChatTranscripts%2F2026%2F09%2F28%2Fchat-039.json&versionId=8f41fee2-92f2-462c-b972-e407e8e14d94
df274077eaad878b537f7645c97b3202,account_number,medium,1,1,high,s3,example-benchmark-corpus,corpus/flow-logs/payments-012.jsonl,us-west-2,2026-09-29T06:00:00+00:00,2026-09-29T06:00:00+00:00,none,scanner,https://us-west-2.console.aws.amazon.com/s3/object/example-benchmark-corpus?region=us-west-2&bucketType=general&prefix=corpus%2Fflow-logs%2Fpayments-012.jsonl&versionId=bfa13a62-7c30-4c6a-b21e-28867a4b3660
e13c8fe8b2e4ece6bda6a0583ffe409a,account_number,medium,1,1,high,s3,example-benchmark-corpus,corpus/lex/PaymentsBot-019.jsonl,us-west-2,2026-09-29T06:00:00+00:00,2026-09-29T06:00:00+00:00,none,scanner,https://us-west-2.console.aws.amazon.com/s3/object/example-benchmark-corpus?region=us-west-2&bucketType=general&prefix=corpus%2Flex%2FPaymentsBot-019.jsonl&versionId=4f82ab59-c0ab-4b9c-9154-3c85f515f4f5
e1b04eb38aaeee005dd933b3a5ebd8fb,account_number,medium,1,1,high,s3,example-benchmark-corpus,corpus/lex/PaymentsBot-018.jsonl,us-west-2,2026-09-29T06:00:00+00:00,2026-09-29T06:00:00+00:00,none,scanner,https://us-west-2.console.aws.amazon.com/s3/object/example-benchmark-corpus?region=us-west-2&bucketType=general&prefix=corpus%2Flex%2FPaymentsBot-018.jsonl&versionId=b5d4c147-59d8-401b-8796-076346766577
e2d3b5208ebcd3105283b2e230d94886,dob,medium,1,1,high,s3,example-benchmark-corpus,corpus/Analysis/Voice/2026/09/28/call-011_analysis.json,us-west-2,2026-09-29T06:00:00+00:00,2026-09-29T06:00:00+00:00,none,scanner,https://us-west-2.console.aws.amazon.com/s3/object/example-benchmark-corpus?region=us-west-2&bucketType=general&prefix=corpus%2FAnalysis%2FVoice%2F2026%2F09%2F28%2Fcall-011_analysis.json&versionId=bafdcc63-d3fd-4721-bda8-b34d8d69c61c
e344c2a258be32f2b84b2ba063cc2e00,dob,medium,1,1,high,s3,example-benchmark-corpus,corpus/flow-logs/payments-015.jsonl,us-west-2,2026-09-29T06:00:00+00:00,2026-09-29T06:00:00+00:00,none,scanner,https://us-west-2.console.aws.amazon.com/s3/object/example-benchmark-corpus?region=us-west-2&bucketType=general&prefix=corpus%2Fflow-logs%2Fpayments-015.jsonl&versionId=fbea787a-2b4d-43b9-8f59-3e24d517a1b1
ea69358f3573d7e51f52015f1427ad74,dob,medium,1,1,high,s3,example-benchmark-corpus,corpus/flow-logs/payments-007.jsonl,us-west-2,2026-09-29T06:00:00+00:00,2026-09-29T06:00:00+00:00,none,scanner,https://us-west-2.console.aws.amazon.com/s3/object/example-benchmark-corpus?region=us-west-2&bucketType=general&prefix=corpus%2Fflow-logs%2Fpayments-007.jsonl&versionId=6fff391c-9837-40bf-bce4-b6a9eee9eb23
f26be349113ca4f5524b81bb670b6e4e,dob,medium,1,1,low,s3,example-benchmark-corpus,corpus/Analysis/Voice/2026/09/28/call-028_analysis.json,us-west-2,2026-09-29T06:00:00+00:00,2026-09-29T06:00:00+00:00,none,scanner,https://us-west-2.console.aws.amazon.com/s3/object/example-benchmark-corpus?region=us-west-2&bucketType=general&prefix=corpus%2FAnalysis%2FVoice%2F2026%2F09%2F28%2Fcall-028_analysis.json&versionId=2224a68a-6dd2-4a1a-9861-d6520ddbe78f
f456296b98985d6b6bda5a4d33cb327d,dob,medium,1,1,high,s3,example-benchmark-corpus,corpus/Analysis/Voice/2026/09/28/call-008_analysis.json,us-west-2,2026-09-29T06:00:00+00:00,2026-09-29T06:00:00+00:00,none,scanner,https://us-west-2.console.aws.amazon.com/s3/object/example-benchmark-corpus?region=us-west-2&bucketType=general&prefix=corpus%2FAnalysis%2FVoice%2F2026%2F09%2F28%2Fcall-008_analysis.json&versionId=a71354c4-cd52-462b-956c-670ebfbca5c1
f6d5e9c5f98e1598a395f381d7ac984b,dob,medium,1,1,high,s3,example-benchmark-corpus,corpus/ChatTranscripts/2026/09/28/chat-034.json,us-west-2,2026-09-29T06:00:00+00:00,2026-09-29T06:00:00+00:00,none,scanner,https://us-west-2.console.aws.amazon.com/s3/object/example-benchmark-corpus?region=us-west-2&bucketType=general&prefix=corpus%2FChatTranscripts%2F2026%2F09%2F28%2Fchat-034.json&versionId=7399f831-8a03-4b02-879e-570836a444e0
f6efc7b6c32d5677dc93648ec055ee0d,dob,medium,1,1,high,s3,example-benchmark-corpus,corpus/Analysis/Voice/2026/09/28/call-027_analysis.json,us-west-2,2026-09-29T06:00:00+00:00,2026-09-29T06:00:00+00:00,none,scanner,https://us-west-2.console.aws.amazon.com/s3/object/example-benchmark-corpus?region=us-west-2&bucketType=general&prefix=corpus%2FAnalysis%2FVoice%2F2026%2F09%2F28%2Fcall-027_analysis.json&versionId=bea885c5-0033-4949-8c3d-607782ceda77
f92782b46255b205ffb077b459f4df89,account_number,medium,1,1,high,s3,example-benchmark-corpus,corpus/lex/PaymentsBot-015.jsonl,us-west-2,2026-09-29T06:00:00+00:00,2026-09-29T06:00:00+00:00,none,scanner,https://us-west-2.console.aws.amazon.com/s3/object/example-benchmark-corpus?region=us-west-2&bucketType=general&prefix=corpus%2Flex%2FPaymentsBot-015.jsonl&versionId=4f41effe-a396-420a-bef5-1d0206e2a45c
f98725d4af569aeb1f11152b34ed2f81,account_number,medium,1,1,high,s3,example-benchmark-corpus,corpus/ChatTranscripts/2026/09/28/chat-001.json,us-west-2,2026-09-29T06:00:00+00:00,2026-09-29T06:00:00+00:00,none,scanner,https://us-west-2.console.aws.amazon.com/s3/object/example-benchmark-corpus?region=us-west-2&bucketType=general&prefix=corpus%2FChatTranscripts%2F2026%2F09%2F28%2Fchat-001.json&versionId=e7463d58-ecd4-40b2-83a7-8135c15b1c24
feb715b34daf84c9352994a1e8d0d1bf,dob,medium,1,1,high,s3,example-benchmark-corpus,corpus/flow-logs/payments-001.jsonl,us-west-2,2026-09-29T06:00:00+00:00,2026-09-29T06:00:00+00:00,none,scanner,https://us-west-2.console.aws.amazon.com/s3/object/example-benchmark-corpus?region=us-west-2&bucketType=general&prefix=corpus%2Fflow-logs%2Fpayments-001.jsonl&versionId=dce4c2fb-51a4-42c7-9cfd-00f07022a12a
05db60cab0333b72777bc31478e5fc71,us_ssn_last4,low,1,1,high,s3,example-benchmark-corpus,corpus/Analysis/Voice/2026/09/28/call-014_analysis.json,us-west-2,2026-09-29T06:00:00+00:00,2026-09-29T06:00:00+00:00,none,scanner,https://us-west-2.console.aws.amazon.com/s3/object/example-benchmark-corpus?region=us-west-2&bucketType=general&prefix=corpus%2FAnalysis%2FVoice%2F2026%2F09%2F28%2Fcall-014_analysis.json&versionId=40e58681-0a30-49ec-87ba-aea7d0485481
0c3886a8c36677c13d56d21d9ed8271f,us_ssn_last4,low,1,1,high,s3,example-benchmark-corpus,corpus/Analysis/Voice/2026/09/28/call-028_analysis.json,us-west-2,2026-09-29T06:00:00+00:00,2026-09-29T06:00:00+00:00,none,scanner,https://us-west-2.console.aws.amazon.com/s3/object/example-benchmark-corpus?region=us-west-2&bucketType=general&prefix=corpus%2FAnalysis%2FVoice%2F2026%2F09%2F28%2Fcall-028_analysis.json&versionId=2224a68a-6dd2-4a1a-9861-d6520ddbe78f
10307759f5d8e9d1edf1cb6346e25d54,us_ssn_last4,low,1,1,high,s3,example-benchmark-corpus,corpus/Analysis/Voice/2026/09/28/call-009_analysis.json,us-west-2,2026-09-29T06:00:00+00:00,2026-09-29T06:00:00+00:00,none,scanner,https://us-west-2.console.aws.amazon.com/s3/object/example-benchmark-corpus?region=us-west-2&bucketType=general&prefix=corpus%2FAnalysis%2FVoice%2F2026%2F09%2F28%2Fcall-009_analysis.json&versionId=ff3b0586-11c2-4485-9e21-560cb42af542
1901efcd525ee0c0ae09160852b64fc8,us_ssn_last4,low,1,1,high,s3,example-benchmark-corpus,corpus/Analysis/Voice/2026/09/28/call-023_analysis.json,us-west-2,2026-09-29T06:00:00+00:00,2026-09-29T06:00:00+00:00,none,scanner,https://us-west-2.console.aws.amazon.com/s3/object/example-benchmark-corpus?region=us-west-2&bucketType=general&prefix=corpus%2FAnalysis%2FVoice%2F2026%2F09%2F28%2Fcall-023_analysis.json&versionId=6179f32c-21df-4f2a-b4df-9499e9f1b007
21a204fdede6c7108ad6e00a8dec7daa,us_ssn_last4,low,1,1,high,s3,example-benchmark-corpus,corpus/Analysis/Voice/2026/09/28/call-030_analysis.json,us-west-2,2026-09-29T06:00:00+00:00,2026-09-29T06:00:00+00:00,none,scanner,https://us-west-2.console.aws.amazon.com/s3/object/example-benchmark-corpus?region=us-west-2&bucketType=general&prefix=corpus%2FAnalysis%2FVoice%2F2026%2F09%2F28%2Fcall-030_analysis.json&versionId=0f70d2b1-27d8-45fa-9411-ec0a533a5435
248a7033e0a28399664f02a3c4130ea0,us_ssn_last4,low,1,1,high,s3,example-benchmark-corpus,corpus/Analysis/Voice/2026/09/28/call-036_analysis.json,us-west-2,2026-09-29T06:00:00+00:00,2026-09-29T06:00:00+00:00,none,scanner,https://us-west-2.console.aws.amazon.com/s3/object/example-benchmark-corpus?region=us-west-2&bucketType=general&prefix=corpus%2FAnalysis%2FVoice%2F2026%2F09%2F28%2Fcall-036_analysis.json&versionId=814688dd-e170-4f43-a7f7-b9995e9ae1a3
395bd00fb4d8e3133cf50a9318a95727,us_ssn_last4,low,1,1,high,s3,example-benchmark-corpus,corpus/Analysis/Voice/2026/09/28/call-000_analysis.json,us-west-2,2026-09-29T06:00:00+00:00,2026-09-29T06:00:00+00:00,none,scanner,https://us-west-2.console.aws.amazon.com/s3/object/example-benchmark-corpus?region=us-west-2&bucketType=general&prefix=corpus%2FAnalysis%2FVoice%2F2026%2F09%2F28%2Fcall-000_analysis.json&versionId=8d69bf6b-685e-4ba5-a701-2d8b69eda450
41cb79c4aac16ec154a1e668ee64af6b,us_ssn_last4,low,1,1,high,s3,example-benchmark-corpus,corpus/Analysis/Voice/2026/09/28/call-015_analysis.json,us-west-2,2026-09-29T06:00:00+00:00,2026-09-29T06:00:00+00:00,none,scanner,https://us-west-2.console.aws.amazon.com/s3/object/example-benchmark-corpus?region=us-west-2&bucketType=general&prefix=corpus%2FAnalysis%2FVoice%2F2026%2F09%2F28%2Fcall-015_analysis.json&versionId=155c6b07-a30c-47ef-97b5-a9c543502a49
54a9dc3400023d09ab53cd1fb3c401b6,us_ssn_last4,low,1,1,high,s3,example-benchmark-corpus,corpus/Analysis/Voice/2026/09/28/call-003_analysis.json,us-west-2,2026-09-29T06:00:00+00:00,2026-09-29T06:00:00+00:00,none,scanner,https://us-west-2.console.aws.amazon.com/s3/object/example-benchmark-corpus?region=us-west-2&bucketType=general&prefix=corpus%2FAnalysis%2FVoice%2F2026%2F09%2F28%2Fcall-003_analysis.json&versionId=591ea5e9-5102-42e7-9ff3-29e825bb211b
5ee3cec5e59f6806f45d0e1361f22706,us_ssn_last4,low,1,1,high,s3,example-benchmark-corpus,corpus/Analysis/Voice/2026/09/28/call-038_analysis.json,us-west-2,2026-09-29T06:00:00+00:00,2026-09-29T06:00:00+00:00,none,scanner,https://us-west-2.console.aws.amazon.com/s3/object/example-benchmark-corpus?region=us-west-2&bucketType=general&prefix=corpus%2FAnalysis%2FVoice%2F2026%2F09%2F28%2Fcall-038_analysis.json&versionId=d41df331-9926-4c95-805b-4b3b66737402
5fd2fe814c7db361ea5a7e034fc0e4c8,us_ssn_last4,low,1,1,high,s3,example-benchmark-corpus,corpus/Analysis/Voice/2026/09/28/call-024_analysis.json,us-west-2,2026-09-29T06:00:00+00:00,2026-09-29T06:00:00+00:00,none,scanner,https://us-west-2.console.aws.amazon.com/s3/object/example-benchmark-corpus?region=us-west-2&bucketType=general&prefix=corpus%2FAnalysis%2FVoice%2F2026%2F09%2F28%2Fcall-024_analysis.json&versionId=3d578ec1-e2a4-48b7-b0a3-edef45fb004f
670b64dfea755b9d0ce4767b874728bb,us_ssn_last4,low,1,1,high,s3,example-benchmark-corpus,corpus/Analysis/Voice/2026/09/28/call-033_analysis.json,us-west-2,2026-09-29T06:00:00+00:00,2026-09-29T06:00:00+00:00,none,scanner,https://us-west-2.console.aws.amazon.com/s3/object/example-benchmark-corpus?region=us-west-2&bucketType=general&prefix=corpus%2FAnalysis%2FVoice%2F2026%2F09%2F28%2Fcall-033_analysis.json&versionId=42640607-e2c1-472f-b08e-c69182a0a26a
71fa89fd57dd27ab223483874d43f056,us_ssn_last4,low,1,1,high,s3,example-benchmark-corpus,corpus/Analysis/Voice/2026/09/28/call-031_analysis.json,us-west-2,2026-09-29T06:00:00+00:00,2026-09-29T06:00:00+00:00,none,scanner,https://us-west-2.console.aws.amazon.com/s3/object/example-benchmark-corpus?region=us-west-2&bucketType=general&prefix=corpus%2FAnalysis%2FVoice%2F2026%2F09%2F28%2Fcall-031_analysis.json&versionId=c63340b4-28c7-422e-82a9-2d955c865720
73fb617f12e14c107955d393778be327,us_ssn_last4,low,1,1,high,s3,example-benchmark-corpus,corpus/Analysis/Voice/2026/09/28/call-007_analysis.json,us-west-2,2026-09-29T06:00:00+00:00,2026-09-29T06:00:00+00:00,none,scanner,https://us-west-2.console.aws.amazon.com/s3/object/example-benchmark-corpus?region=us-west-2&bucketType=general&prefix=corpus%2FAnalysis%2FVoice%2F2026%2F09%2F28%2Fcall-007_analysis.json&versionId=01c4b226-0196-437d-9f3f-ac60a5cb99b6
7c47e4376d3414878b80b8bda3197434,us_ssn_last4,low,1,1,high,s3,example-benchmark-corpus,corpus/Analysis/Voice/2026/09/28/call-011_analysis.json,us-west-2,2026-09-29T06:00:00+00:00,2026-09-29T06:00:00+00:00,none,scanner,https://us-west-2.console.aws.amazon.com/s3/object/example-benchmark-corpus?region=us-west-2&bucketType=general&prefix=corpus%2FAnalysis%2FVoice%2F2026%2F09%2F28%2Fcall-011_analysis.json&versionId=bafdcc63-d3fd-4721-bda8-b34d8d69c61c
9a9579f15206cdb92d285913c59be327,us_ssn_last4,low,1,1,high,s3,example-benchmark-corpus,corpus/Analysis/Voice/2026/09/28/call-008_analysis.json,us-west-2,2026-09-29T06:00:00+00:00,2026-09-29T06:00:00+00:00,none,scanner,https://us-west-2.console.aws.amazon.com/s3/object/example-benchmark-corpus?region=us-west-2&bucketType=general&prefix=corpus%2FAnalysis%2FVoice%2F2026%2F09%2F28%2Fcall-008_analysis.json&versionId=a71354c4-cd52-462b-956c-670ebfbca5c1
b0921d5dfbec89791dcf4ba66d9c701c,us_ssn_last4,low,1,1,high,s3,example-benchmark-corpus,corpus/Analysis/Voice/2026/09/28/call-018_analysis.json,us-west-2,2026-09-29T06:00:00+00:00,2026-09-29T06:00:00+00:00,none,scanner,https://us-west-2.console.aws.amazon.com/s3/object/example-benchmark-corpus?region=us-west-2&bucketType=general&prefix=corpus%2FAnalysis%2FVoice%2F2026%2F09%2F28%2Fcall-018_analysis.json&versionId=2ba4e005-3a7d-44f9-b327-95c7139e0cf7
d32c377c5a0477a91545877ffea61243,us_ssn_last4,low,1,1,high,s3,example-benchmark-corpus,corpus/Analysis/Voice/2026/09/28/call-004_analysis.json,us-west-2,2026-09-29T06:00:00+00:00,2026-09-29T06:00:00+00:00,none,scanner,https://us-west-2.console.aws.amazon.com/s3/object/example-benchmark-corpus?region=us-west-2&bucketType=general&prefix=corpus%2FAnalysis%2FVoice%2F2026%2F09%2F28%2Fcall-004_analysis.json&versionId=d06e2106-e8a3-4534-9144-aa9262f93a88
eaa7cbe81cb11ff807d52c443c52be30,us_ssn_last4,low,1,1,high,s3,example-benchmark-corpus,corpus/Analysis/Voice/2026/09/28/call-037_analysis.json,us-west-2,2026-09-29T06:00:00+00:00,2026-09-29T06:00:00+00:00,none,scanner,https://us-west-2.console.aws.amazon.com/s3/object/example-benchmark-corpus?region=us-west-2&bucketType=general&prefix=corpus%2FAnalysis%2FVoice%2F2026%2F09%2F28%2Fcall-037_analysis.json&versionId=23aad70c-a203-4e33-8a98-595499fdc2bf
